[
{
    "model": "contenttypes.contenttype",
    "pk": 1,
    "fields": {
        "app_label": "admin",
        "model": "logentry"
    }
},
{
    "model": "contenttypes.contenttype",
    "pk": 2,
    "fields": {
        "app_label": "auth",
        "model": "permission"
    }
},
{
    "model": "contenttypes.contenttype",
    "pk": 3,
    "fields": {
        "app_label": "auth",
        "model": "group"
    }
},
{
    "model": "contenttypes.contenttype",
    "pk": 4,
    "fields": {
        "app_label": "contenttypes",
        "model": "contenttype"
    }
},
{
    "model": "contenttypes.contenttype",
    "pk": 5,
    "fields": {
        "app_label": "sessions",
        "model": "session"
    }
},
{
    "model": "contenttypes.contenttype",
    "pk": 6,
    "fields": {
        "app_label": "usuario",
        "model": "user"
    }
},
{
    "model": "contenttypes.contenttype",
    "pk": 7,
    "fields": {
        "app_label": "proyecto",
        "model": "proyecto"
    }
},
{
    "model": "contenttypes.contenttype",
    "pk": 8,
    "fields": {
        "app_label": "fase",
        "model": "fase"
    }
},
{
    "model": "contenttypes.contenttype",
    "pk": 9,
    "fields": {
        "app_label": "linea_base",
        "model": "lineabase"
    }
},
{
    "model": "contenttypes.contenttype",
    "pk": 10,
    "fields": {
        "app_label": "comite",
        "model": "comite"
    }
},
{
    "model": "contenttypes.contenttype",
    "pk": 11,
    "fields": {
        "app_label": "comite",
        "model": "solicitud"
    }
},
{
    "model": "contenttypes.contenttype",
    "pk": 12,
    "fields": {
        "app_label": "comite",
        "model": "voto"
    }
},
{
    "model": "contenttypes.contenttype",
    "pk": 13,
    "fields": {
        "app_label": "rol",
        "model": "rol"
    }
},
{
    "model": "contenttypes.contenttype",
    "pk": 14,
    "fields": {
        "app_label": "tipo_item",
        "model": "tipoitem"
    }
},
{
    "model": "contenttypes.contenttype",
    "pk": 15,
    "fields": {
        "app_label": "tipo_item",
        "model": "itemimportado"
    }
},
{
    "model": "contenttypes.contenttype",
    "pk": 16,
    "fields": {
        "app_label": "item",
        "model": "item"
    }
},
{
    "model": "contenttypes.contenttype",
    "pk": 17,
    "fields": {
        "app_label": "guardian",
        "model": "groupobjectpermission"
    }
},
{
    "model": "contenttypes.contenttype",
    "pk": 18,
    "fields": {
        "app_label": "guardian",
        "model": "userobjectpermission"
    }
},
{
    "model": "contenttypes.contenttype",
    "pk": 19,
    "fields": {
        "app_label": "sites",
        "model": "site"
    }
},
{
    "model": "contenttypes.contenttype",
    "pk": 20,
    "fields": {
        "app_label": "account",
        "model": "emailaddress"
    }
},
{
    "model": "contenttypes.contenttype",
    "pk": 21,
    "fields": {
        "app_label": "account",
        "model": "emailconfirmation"
    }
},
{
    "model": "contenttypes.contenttype",
    "pk": 22,
    "fields": {
        "app_label": "socialaccount",
        "model": "socialaccount"
    }
},
{
    "model": "contenttypes.contenttype",
    "pk": 23,
    "fields": {
        "app_label": "socialaccount",
        "model": "socialapp"
    }
},
{
    "model": "contenttypes.contenttype",
    "pk": 24,
    "fields": {
        "app_label": "socialaccount",
        "model": "socialtoken"
    }
},
{
    "model": "sessions.session",
    "pk": "06vh03zs0psnwj8zh25820zmybjhrj69",
    "fields": {
        "session_data": "NWUxNmEwNTNjNDUxODQzOTkwNTRmZGVhNDliMzQ5OTNiOGM5Yjk4YTp7ImFjY291bnRfdmVyaWZpZWRfZW1haWwiOm51bGwsIl9hdXRoX3VzZXJfaWQiOiI0IiwiX2F1dGhfdXNlcl9iYWNrZW5kIjoiYWxsYXV0aC5hY2NvdW50LmF1dGhfYmFja2VuZHMuQXV0aGVudGljYXRpb25CYWNrZW5kIiwiX2F1dGhfdXNlcl9oYXNoIjoiMWNiODRkMDhmODc3NjBmZjI1Njg5MmZlMjAwNzk4YmIzNmIxMWIzNiJ9",
        "expire_date": "2020-11-19T20:05:10.235"
    }
},
{
    "model": "sessions.session",
    "pk": "2q0h0w93n8to4gy09tfnauc0p09abyjq",
    "fields": {
        "session_data": "M2U0ZDJmZmZlYjc1ZThkMDIzNDU3YmY2MDEzN2FhYWZiMzgzNmExMDp7Il9hdXRoX3VzZXJfaWQiOiIzIiwiX2F1dGhfdXNlcl9iYWNrZW5kIjoiYWxsYXV0aC5hY2NvdW50LmF1dGhfYmFja2VuZHMuQXV0aGVudGljYXRpb25CYWNrZW5kIiwiX2F1dGhfdXNlcl9oYXNoIjoiZGU4M2VjYjg3OTYzOTM2ZjQxNjQ0NTc5YTY3YjFlOGM0MTYyNWM2YiJ9",
        "expire_date": "2020-11-19T20:05:06.243"
    }
},
{
    "model": "sessions.session",
    "pk": "5d1aph1wzvzk5r8gyyqhgv8etxvhb75s",
    "fields": {
        "session_data": "NzA4NWY0ODI4ZGU3ODhmMzE2ZDBkNzgzZmM0YWE5NzE5OGI1ODI0YTp7ImFjY291bnRfdmVyaWZpZWRfZW1haWwiOm51bGwsIl9hdXRoX3VzZXJfaWQiOiI1IiwiX2F1dGhfdXNlcl9iYWNrZW5kIjoiYWxsYXV0aC5hY2NvdW50LmF1dGhfYmFja2VuZHMuQXV0aGVudGljYXRpb25CYWNrZW5kIiwiX2F1dGhfdXNlcl9oYXNoIjoiZGJkYmYwOGNjMDExNzMyZjU5NWJlMGE1OTFlZGM4MGYxZmRjZGJkMSJ9",
        "expire_date": "2020-11-19T20:05:16.505"
    }
},
{
    "model": "sessions.session",
    "pk": "5h5p8p5a9r58tds2hg9wb2paiycnyays",
    "fields": {
        "session_data": "M2U0ZDJmZmZlYjc1ZThkMDIzNDU3YmY2MDEzN2FhYWZiMzgzNmExMDp7Il9hdXRoX3VzZXJfaWQiOiIzIiwiX2F1dGhfdXNlcl9iYWNrZW5kIjoiYWxsYXV0aC5hY2NvdW50LmF1dGhfYmFja2VuZHMuQXV0aGVudGljYXRpb25CYWNrZW5kIiwiX2F1dGhfdXNlcl9oYXNoIjoiZGU4M2VjYjg3OTYzOTM2ZjQxNjQ0NTc5YTY3YjFlOGM0MTYyNWM2YiJ9",
        "expire_date": "2020-11-19T20:04:08.520"
    }
},
{
    "model": "sessions.session",
    "pk": "5kch3ttux33gdvx92osfbfhhnpiqlprc",
    "fields": {
        "session_data": "YWU0N2Q3Mzk0MTJlZWM3M2ExMTFlYzU0NTg5NWJmMzhhZjM2YmQxODp7ImFjY291bnRfdmVyaWZpZWRfZW1haWwiOm51bGwsIl9hdXRoX3VzZXJfaWQiOiI5IiwiX2F1dGhfdXNlcl9iYWNrZW5kIjoiYWxsYXV0aC5hY2NvdW50LmF1dGhfYmFja2VuZHMuQXV0aGVudGljYXRpb25CYWNrZW5kIiwiX2F1dGhfdXNlcl9oYXNoIjoiNDIyMGJjZTdlNWFlMjJmYTkxNDRkOGY1MjBjNWI5MzRlYTA5ODVjYyJ9",
        "expire_date": "2020-11-19T20:05:31.495"
    }
},
{
    "model": "sessions.session",
    "pk": "h6xgqn373jil72939bbkbf7sxpy1isxh",
    "fields": {
        "session_data": "ODI3YmNmOTc1ZDBjZmE3ODFmMzY0NDUyNDIyZDY0M2VmODMzNjIwZjp7ImFjY291bnRfdmVyaWZpZWRfZW1haWwiOm51bGwsIl9hdXRoX3VzZXJfaWQiOiI4IiwiX2F1dGhfdXNlcl9iYWNrZW5kIjoiYWxsYXV0aC5hY2NvdW50LmF1dGhfYmFja2VuZHMuQXV0aGVudGljYXRpb25CYWNrZW5kIiwiX2F1dGhfdXNlcl9oYXNoIjoiZDliMWUzNGY1MjZjOGVkMDUxNTVjMjIwNWNkOGZhNTE2YWFmZGE1ZCJ9",
        "expire_date": "2020-11-19T20:05:27.483"
    }
},
{
    "model": "sessions.session",
    "pk": "kgcsg9w9f39sch01pp920ka8rem97nco",
    "fields": {
        "session_data": "YjU0YjM4MjAxZThjNjRkOWNiMDdkY2RlMzkzZTYxNzJhNmY2YjhkODp7ImFjY291bnRfdmVyaWZpZWRfZW1haWwiOm51bGwsIl9hdXRoX3VzZXJfaWQiOiI2IiwiX2F1dGhfdXNlcl9iYWNrZW5kIjoiYWxsYXV0aC5hY2NvdW50LmF1dGhfYmFja2VuZHMuQXV0aGVudGljYXRpb25CYWNrZW5kIiwiX2F1dGhfdXNlcl9oYXNoIjoiNzMwZjkxYTMxNWI0Zjg0Y2VkOGJlYzc1ZjM4NTRlZWI2YTlhOTNmMyJ9",
        "expire_date": "2020-11-19T20:05:20.114"
    }
},
{
    "model": "sessions.session",
    "pk": "wtak51uzzi6oovnpy6w8p6jowxvnvsi8",
    "fields": {
        "session_data": "YzkyNmU5MWY2MTA5MmU2MDI2M2M3M2ZmZGJlMTcxZmIyODkyZWM4MDp7ImFjY291bnRfdmVyaWZpZWRfZW1haWwiOm51bGwsIl9hdXRoX3VzZXJfaWQiOiI3IiwiX2F1dGhfdXNlcl9iYWNrZW5kIjoiYWxsYXV0aC5hY2NvdW50LmF1dGhfYmFja2VuZHMuQXV0aGVudGljYXRpb25CYWNrZW5kIiwiX2F1dGhfdXNlcl9oYXNoIjoiNjJkNzJmMDE1ZWYxNmQ3OTdhODVlODJmNTc5YTZiNGRhZGI4NDY4MiJ9",
        "expire_date": "2020-11-19T20:05:23.825"
    }
},
{
    "model": "linea_base.lineabase",
    "pk": 3,
    "fields": {
        "identificador": "kvauxT7Dn",
        "descripcion": "Linea base de la Fase 1 del Proyecto Escenario 3",
        "fecha_creacion": "2020-11-05T23:14:30.083",
        "estado": "Abierta",
        "fase": 7,
        "items": [
            11,
            12
        ]
    }
},
{
    "model": "linea_base.lineabase",
    "pk": 4,
    "fields": {
        "identificador": "gce10Kpws",
        "descripcion": "Linea base de la Fase 1 del Proyecto Escenario 4",
        "fecha_creacion": "2020-11-06T00:05:34.407",
        "estado": "Cerrada",
        "fase": 10,
        "items": [
            16,
            17
        ]
    }
},
{
    "model": "linea_base.lineabase",
    "pk": 5,
    "fields": {
        "identificador": "9FR5OxMSy",
        "descripcion": "Linea Base de la Fase 2 del Proyecto Escenario 4",
        "fecha_creacion": "2020-11-06T00:05:52.025",
        "estado": "Cerrada",
        "fase": 11,
        "items": [
            27,
            28
        ]
    }
},
{
    "model": "linea_base.lineabase",
    "pk": 6,
    "fields": {
        "identificador": "5qJb8FbmW",
        "descripcion": "Linea base de la Fase 3 del Proyecto Escenario 4",
        "fecha_creacion": "2020-11-06T00:06:05.768",
        "estado": "Cerrada",
        "fase": 12,
        "items": [
            20,
            21
        ]
    }
},
{
    "model": "tipo_item.tipoitem",
    "pk": 1,
    "fields": {
        "nombre": "Tipo Item 1 F1E3",
        "descripcion": "Este es el tipo de item 1 de la F1E3",
        "atributos": "Boolean,Numerico",
        "fase": 7,
        "proyecto": 3
    }
},
{
    "model": "tipo_item.tipoitem",
    "pk": 2,
    "fields": {
        "nombre": "Tipo Item 2 F1E3",
        "descripcion": "Este es el tipo de item 2 de la F1E3",
        "atributos": "Char,Date",
        "fase": 7,
        "proyecto": 3
    }
},
{
    "model": "tipo_item.tipoitem",
    "pk": 3,
    "fields": {
        "nombre": "Tipo Item 1 F2E3",
        "descripcion": "Este es el tipo de Item 1 de la F2E3",
        "atributos": "Boolean,Char,Date,Numerico",
        "fase": 8,
        "proyecto": 3
    }
},
{
    "model": "tipo_item.tipoitem",
    "pk": 4,
    "fields": {
        "nombre": "Tipo Item 2 F2E3",
        "descripcion": "Este es el tipo de item de la F2E3",
        "atributos": "Char",
        "fase": 8,
        "proyecto": 3
    }
},
{
    "model": "tipo_item.tipoitem",
    "pk": 5,
    "fields": {
        "nombre": "Tipo Item 1 F3E3",
        "descripcion": "Este es el tipo de item 1 de la F3E3",
        "atributos": "Boolean,Numerico",
        "fase": 9,
        "proyecto": 3
    }
},
{
    "model": "tipo_item.tipoitem",
    "pk": 6,
    "fields": {
        "nombre": "Tipo Item 2 F3E3",
        "descripcion": "Este es el tipo de item 2 de la F3E3",
        "atributos": "Boolean",
        "fase": 9,
        "proyecto": 3
    }
},
{
    "model": "tipo_item.tipoitem",
    "pk": 7,
    "fields": {
        "nombre": "Tipo Item 1 F1E4",
        "descripcion": "Este es un tipo de item de la F1E4",
        "atributos": "Boolean,Date",
        "fase": 10,
        "proyecto": 4
    }
},
{
    "model": "tipo_item.tipoitem",
    "pk": 8,
    "fields": {
        "nombre": "Tipo Item 1 F1E4",
        "descripcion": "Este es un tipo de item de la F1E4",
        "atributos": "Boolean,Char,Date",
        "fase": 10,
        "proyecto": 4
    }
},
{
    "model": "tipo_item.tipoitem",
    "pk": 9,
    "fields": {
        "nombre": "Tipo Item 1 F2E4",
        "descripcion": "Este es un tipo de item 1 de la F2E4",
        "atributos": "Char,Date",
        "fase": 11,
        "proyecto": 4
    }
},
{
    "model": "tipo_item.tipoitem",
    "pk": 10,
    "fields": {
        "nombre": "Tipo Item 1 F2E4",
        "descripcion": "Este es un tipo de item 1 de la F2E4",
        "atributos": "Char,Date",
        "fase": 11,
        "proyecto": 4
    }
},
{
    "model": "tipo_item.tipoitem",
    "pk": 11,
    "fields": {
        "nombre": "Tipo Item 1 F3E4",
        "descripcion": "Este es un tipo de item 1 de la F3E4",
        "atributos": "Char,Date",
        "fase": 12,
        "proyecto": 4
    }
},
{
    "model": "tipo_item.tipoitem",
    "pk": 12,
    "fields": {
        "nombre": "Tipo Item 2 F3E4",
        "descripcion": "Este es un tipo de item 2 de la F3E4",
        "atributos": "Boolean",
        "fase": 12,
        "proyecto": 4
    }
},
{
    "model": "sites.site",
    "pk": 1,
    "fields": {
        "domain": "localhost:8000",
        "name": "localhost:8000"
    }
},
{
    "model": "socialaccount.socialapp",
    "pk": 1,
    "fields": {
        "provider": "google",
        "name": "Google AOuth",
        "client_id": "54345317012-sv5e5ven89le1n0utndt2p4a0auqrehp.apps.googleusercontent.com",
        "secret": "rgghbb_OwjNd539Q6ZMCcAGq",
        "key": "",
        "sites": [
            1
        ]
    }
},
{
    "model": "socialaccount.socialtoken",
    "pk": 1,
    "fields": {
        "app": 1,
        "account": 1,
        "token": "ya29.A0AfH6SMCySqB-6Bur4AI7egQtCc4LXalQIM_5VSI4ivVaQnvJ8Am7Ged_c2CJxn5HH0DzTHdvUpPgtrPHu8SRE3gx4sfnqZ2wE9n9cR0wy5cQeg06_7hzrIvCv9sOl9GathHmnmmdGqrl4ztwzWX-FAIcORcgGlNrBDgKEg1jk1k",
        "token_secret": "",
        "expires_at": "2020-11-05T21:05:04.990"
    }
},
{
    "model": "socialaccount.socialtoken",
    "pk": 2,
    "fields": {
        "app": 1,
        "account": 2,
        "token": "ya29.A0AfH6SMBlDVuVb8VCuY4qFEh7yzMN42hPdlp7wPXbxIXPyUwMEuwbcUeKzZh_sYgAKBc5DMA7M5SAlZEfhG5V1794oHgaXgLl-NnIgVwL8NHaXFn5GrOn1Bhs05jhIBauWpTM7e_7aDi5MwdRhQYvJU63TGBOBNa9IUszVycHEUU",
        "token_secret": "",
        "expires_at": "2020-11-05T21:05:08.934"
    }
},
{
    "model": "socialaccount.socialtoken",
    "pk": 3,
    "fields": {
        "app": 1,
        "account": 3,
        "token": "ya29.A0AfH6SMCTaCs683OwO-zX5g0B06LUFRMlUyhVVVEXTgm6m5yH0vhOaYXBRMeYJ2D2xPV8gPmUZe2o9YxLq7eEMhpPiJPVM3DmCtxHkWOnGOzJb2np81_YhMviG1SMKzWqacP8S8uPZl5mDdwWTUwXvK9DAEHUluRXXdKSZniLdbY",
        "token_secret": "",
        "expires_at": "2020-11-05T21:05:15.205"
    }
},
{
    "model": "socialaccount.socialtoken",
    "pk": 4,
    "fields": {
        "app": 1,
        "account": 4,
        "token": "ya29.A0AfH6SMC4ecgJeIsigd_FOCpg3wabDGE74ZGN-0X0O0_f2chj-uPrc7gJn-bG8VZctImhSvXdfNTJVY5P42UIw1eM_-X9Qt0kulvkgn2FtfWsl4YnmnUiL6YJlnrT3xW8sgGS3-Ao07cH8-Kggxqs4CU7WZ3rom6wgiimKyVKzl8",
        "token_secret": "",
        "expires_at": "2020-11-05T21:05:18.874"
    }
},
{
    "model": "socialaccount.socialtoken",
    "pk": 5,
    "fields": {
        "app": 1,
        "account": 5,
        "token": "ya29.A0AfH6SMB4YJH0VAPjMCv9F11Gq5P9XMa8swgwMmO8AnAHWUoSxl3Qm9NrwY8Zve5RtH7cX3M8Gnz6EdqcjMvvwe2coHe042WhOyx2BSLli4lhVvecW5SeYUndlSLf1rJwZUg2revYpA-8vnq_CDV1catNjMWgDtZd0pwN-A-u7Eg",
        "token_secret": "",
        "expires_at": "2020-11-05T21:05:22.312"
    }
},
{
    "model": "socialaccount.socialtoken",
    "pk": 6,
    "fields": {
        "app": 1,
        "account": 6,
        "token": "ya29.A0AfH6SMAnJrwzXW1Fzt7lXz8EExIgGNUTy8Z2UgqXqaubo29P9RWO0Vu7fQC5lpTzNvStLiigTce5hNdE8mQYqHkAbeJ5Ga7ZWUlYCVrjKkhVuT7aFMS9wj41Vgf03C91jqtYgb5cK1-w3l6cQLP3HoWbt7NfSHWoJk8iKFooWfM",
        "token_secret": "",
        "expires_at": "2020-11-05T21:05:26.240"
    }
},
{
    "model": "socialaccount.socialtoken",
    "pk": 7,
    "fields": {
        "app": 1,
        "account": 7,
        "token": "ya29.A0AfH6SMCn86qs7StN2NXlwhPhgI6MGijJtuXKLAfzy_zOTxPLtmc4RvQlDGX2trbxyICRMOqn4-2HexiuXbtNxrB-jPemXqwMzJigOEwrS8DCKKzu987JojIcPs9uwgfP79Ntgz-Zg_T38maZHwtvkihXsyjlNBbGHLpeV80mn-g",
        "token_secret": "",
        "expires_at": "2020-11-05T21:05:30.256"
    }
},
{
    "model": "auth.group",
    "pk": 1,
    "fields": {
        "name": "AdministradorSGCAS",
        "permissions": [
            69,
            75,
            65,
            70,
            66,
            71,
            68,
            74,
            72,
            67,
            73,
            22,
            23,
            25,
            27,
            28,
            21,
            26,
            24
        ]
    }
},
{
    "model": "auth.group",
    "pk": 2,
    "fields": {
        "name": "Gerente",
        "permissions": [
            51,
            53,
            56,
            54,
            42,
            36,
            39,
            37,
            40,
            38,
            41,
            34,
            29,
            35,
            30,
            33,
            31,
            32,
            69,
            75,
            65,
            70,
            66,
            71,
            68,
            74,
            72,
            67,
            73
        ]
    }
},
{
    "model": "auth.group",
    "pk": 3,
    "fields": {
        "name": "Rol B\u00e1sico SGCAS",
        "permissions": [
            54,
            39,
            38,
            41,
            35,
            31,
            32
        ]
    }
},
{
    "model": "auth.group",
    "pk": 4,
    "fields": {
        "name": "QA F1E1",
        "permissions": [
            42,
            92,
            48,
            43,
            44,
            45,
            47,
            50,
            46,
            49
        ]
    }
},
{
    "model": "auth.group",
    "pk": 5,
    "fields": {
        "name": "Desarrollador F1E1",
        "permissions": [
            52,
            94,
            92,
            87,
            88,
            91,
            98,
            100,
            101,
            99,
            89,
            93,
            97,
            90,
            96,
            95,
            81,
            76,
            77,
            80,
            82,
            78,
            79
        ]
    }
},
{
    "model": "auth.group",
    "pk": 6,
    "fields": {
        "name": "Rol B\u00e1sico F1E1",
        "permissions": [
            55,
            39,
            38,
            41,
            89,
            90,
            95,
            50,
            46,
            78,
            79
        ]
    }
},
{
    "model": "auth.group",
    "pk": 7,
    "fields": {
        "name": "QA F2E1",
        "permissions": [
            42,
            92,
            48,
            43,
            44,
            45,
            47,
            50,
            46,
            49
        ]
    }
},
{
    "model": "auth.group",
    "pk": 8,
    "fields": {
        "name": "Desarrollador F2E1",
        "permissions": [
            52,
            94,
            92,
            87,
            88,
            91,
            98,
            100,
            101,
            99,
            89,
            93,
            97,
            90,
            96,
            95,
            81,
            76,
            77,
            80,
            82,
            78,
            79
        ]
    }
},
{
    "model": "auth.group",
    "pk": 9,
    "fields": {
        "name": "Rol B\u00e1sico F2E1",
        "permissions": [
            55,
            39,
            38,
            41,
            89,
            90,
            95,
            50,
            46,
            78,
            79
        ]
    }
},
{
    "model": "auth.group",
    "pk": 10,
    "fields": {
        "name": "QA F3E1",
        "permissions": [
            42,
            92,
            48,
            43,
            44,
            45,
            47,
            50,
            46,
            49
        ]
    }
},
{
    "model": "auth.group",
    "pk": 11,
    "fields": {
        "name": "Desarrollador F3E1",
        "permissions": [
            52,
            94,
            92,
            87,
            88,
            91,
            98,
            100,
            101,
            99,
            89,
            93,
            97,
            90,
            96,
            95,
            81,
            76,
            77,
            80,
            82,
            78,
            79
        ]
    }
},
{
    "model": "auth.group",
    "pk": 12,
    "fields": {
        "name": "Rol B\u00e1sico F3E1",
        "permissions": [
            55,
            39,
            38,
            41,
            89,
            90,
            95,
            50,
            46,
            78,
            79
        ]
    }
},
{
    "model": "auth.group",
    "pk": 13,
    "fields": {
        "name": "QA F1E2",
        "permissions": [
            42,
            92,
            48,
            43,
            44,
            45,
            47,
            50,
            46,
            49
        ]
    }
},
{
    "model": "auth.group",
    "pk": 14,
    "fields": {
        "name": "Desarrollador F1E2",
        "permissions": [
            52,
            94,
            92,
            87,
            88,
            91,
            98,
            100,
            101,
            99,
            89,
            93,
            97,
            90,
            96,
            95,
            81,
            76,
            77,
            80,
            82,
            78,
            79
        ]
    }
},
{
    "model": "auth.group",
    "pk": 15,
    "fields": {
        "name": "Rol B\u00e1sico F1E2",
        "permissions": [
            55,
            39,
            38,
            41,
            89,
            96,
            95,
            50,
            46,
            78,
            79
        ]
    }
},
{
    "model": "auth.group",
    "pk": 16,
    "fields": {
        "name": "QA F2E2",
        "permissions": [
            55,
            42,
            92,
            48,
            43,
            44,
            45,
            47,
            50,
            46,
            49
        ]
    }
},
{
    "model": "auth.group",
    "pk": 17,
    "fields": {
        "name": "Desarrollador F2E2",
        "permissions": [
            52,
            94,
            92,
            87,
            88,
            91,
            98,
            100,
            101,
            99,
            89,
            93,
            97,
            90,
            96,
            95,
            81,
            76,
            77,
            80,
            82,
            78,
            79
        ]
    }
},
{
    "model": "auth.group",
    "pk": 18,
    "fields": {
        "name": "Rol B\u00e1sico F2E2",
        "permissions": [
            55,
            39,
            38,
            41,
            89,
            90,
            95,
            50,
            46,
            78,
            79
        ]
    }
},
{
    "model": "auth.group",
    "pk": 19,
    "fields": {
        "name": "QA F3E2",
        "permissions": [
            55,
            42,
            92,
            48,
            43,
            44,
            45,
            47,
            50,
            46,
            49
        ]
    }
},
{
    "model": "auth.group",
    "pk": 20,
    "fields": {
        "name": "Desarrollador F3E2",
        "permissions": [
            52,
            94,
            92,
            87,
            88,
            91,
            98,
            100,
            101,
            99,
            89,
            93,
            97,
            90,
            96,
            95,
            81,
            76,
            77,
            80,
            82,
            78,
            79
        ]
    }
},
{
    "model": "auth.group",
    "pk": 21,
    "fields": {
        "name": "Rol B\u00e1sico F3E2",
        "permissions": [
            55,
            39,
            38,
            41,
            89,
            90,
            50,
            46,
            78,
            79
        ]
    }
},
{
    "model": "auth.group",
    "pk": 22,
    "fields": {
        "name": "QA F1E3",
        "permissions": [
            55,
            42,
            92,
            48,
            43,
            44,
            45,
            47,
            50,
            46,
            49
        ]
    }
},
{
    "model": "auth.group",
    "pk": 23,
    "fields": {
        "name": "Desarrollador F1E3",
        "permissions": [
            52,
            94,
            92,
            87,
            88,
            91,
            98,
            100,
            101,
            99,
            89,
            93,
            97,
            90,
            96,
            95,
            81,
            76,
            77,
            80,
            82,
            78,
            79
        ]
    }
},
{
    "model": "auth.group",
    "pk": 24,
    "fields": {
        "name": "Rol B\u00e1sico F1E3",
        "permissions": [
            55,
            39,
            38,
            41,
            89,
            90,
            95,
            50,
            46,
            78,
            79
        ]
    }
},
{
    "model": "auth.group",
    "pk": 25,
    "fields": {
        "name": "QA F2E3",
        "permissions": [
            55,
            42,
            92,
            48,
            43,
            44,
            45,
            47,
            50,
            46,
            49
        ]
    }
},
{
    "model": "auth.group",
    "pk": 26,
    "fields": {
        "name": "Desarrollador F2E3",
        "permissions": [
            52,
            42,
            94,
            92,
            87,
            88,
            91,
            98,
            100,
            101,
            99,
            89,
            93,
            97,
            90,
            96,
            95,
            81,
            76,
            77,
            80,
            82,
            78,
            79
        ]
    }
},
{
    "model": "auth.group",
    "pk": 27,
    "fields": {
        "name": "Rol B\u00e1sico F2E3",
        "permissions": [
            55,
            39,
            38,
            41,
            89,
            90,
            95,
            50,
            46,
            78,
            79
        ]
    }
},
{
    "model": "auth.group",
    "pk": 28,
    "fields": {
        "name": "QA F3E3",
        "permissions": [
            55,
            42,
            92,
            48,
            43,
            44,
            45,
            47,
            50,
            46,
            49
        ]
    }
},
{
    "model": "auth.group",
    "pk": 29,
    "fields": {
        "name": "Desarrollador F3E3",
        "permissions": [
            52,
            94,
            92,
            87,
            88,
            91,
            98,
            100,
            101,
            99,
            89,
            93,
            97,
            90,
            96,
            95,
            81,
            76,
            77,
            80,
            82,
            78,
            79
        ]
    }
},
{
    "model": "auth.group",
    "pk": 30,
    "fields": {
        "name": "Rol B\u00e1sico F3E3",
        "permissions": [
            55,
            39,
            38,
            41,
            89,
            90,
            95,
            50,
            46,
            78,
            79
        ]
    }
},
{
    "model": "auth.group",
    "pk": 31,
    "fields": {
        "name": "QA F1E4",
        "permissions": [
            55,
            42,
            92,
            48,
            43,
            44,
            45,
            47,
            50,
            46,
            49
        ]
    }
},
{
    "model": "auth.group",
    "pk": 32,
    "fields": {
        "name": "Desarrollador F1E4",
        "permissions": [
            52,
            42,
            94,
            92,
            87,
            88,
            91,
            98,
            100,
            101,
            99,
            89,
            93,
            97,
            90,
            96,
            95,
            81,
            76,
            77,
            80,
            82,
            78,
            79
        ]
    }
},
{
    "model": "auth.group",
    "pk": 33,
    "fields": {
        "name": "Rol B\u00e1sico F1E4",
        "permissions": [
            55,
            39,
            38,
            41,
            89,
            90,
            95,
            50,
            46,
            78,
            79
        ]
    }
},
{
    "model": "auth.group",
    "pk": 34,
    "fields": {
        "name": "QA F2E4",
        "permissions": [
            55,
            42,
            92,
            48,
            43,
            44,
            45,
            47,
            50,
            46,
            49
        ]
    }
},
{
    "model": "auth.group",
    "pk": 35,
    "fields": {
        "name": "Desarrollador F2E4",
        "permissions": [
            52,
            94,
            92,
            87,
            88,
            91,
            98,
            100,
            101,
            99,
            89,
            93,
            97,
            90,
            96,
            95,
            81,
            76,
            77,
            80,
            82,
            78,
            79
        ]
    }
},
{
    "model": "auth.group",
    "pk": 36,
    "fields": {
        "name": "Rol B\u00e1sico F2E4",
        "permissions": [
            55,
            39,
            38,
            41,
            89,
            90,
            95,
            50,
            46,
            78,
            79
        ]
    }
},
{
    "model": "auth.group",
    "pk": 37,
    "fields": {
        "name": "QA F3E4",
        "permissions": [
            55,
            42,
            92,
            48,
            43,
            44,
            45,
            47,
            50,
            46,
            49
        ]
    }
},
{
    "model": "auth.group",
    "pk": 38,
    "fields": {
        "name": "Desarrollador F3E4",
        "permissions": [
            52,
            94,
            92,
            87,
            88,
            91,
            98,
            100,
            101,
            99,
            89,
            93,
            97,
            90,
            96,
            95,
            81,
            76,
            77,
            80,
            82,
            78,
            79
        ]
    }
},
{
    "model": "auth.group",
    "pk": 39,
    "fields": {
        "name": "Rol B\u00e1sico F3E4",
        "permissions": [
            55,
            39,
            38,
            41,
            89,
            90,
            95,
            50,
            46,
            78,
            79
        ]
    }
},
{
    "model": "usuario.user",
    "pk": 1,
    "fields": {
        "password": "!v4n2rZdHASFG2qEgXfN7Ch1vn4dFw0p2qSY9vgeC",
        "last_login": null,
        "is_superuser": false,
        "username": "AnonymousUser",
        "first_name": "",
        "last_name": "",
        "email": "",
        "is_staff": false,
        "date_joined": "2020-11-05T18:52:26.402",
        "is_active": false,
        "groups": [],
        "user_permissions": []
    }
},
{
    "model": "usuario.user",
    "pk": 2,
    "fields": {
        "password": "pbkdf2_sha256$180000$wROLXeq1vLkV$dkOomdTghnMD/rMLuUjW+LULfTdPSQntc0I1jr6/4UM=",
        "last_login": "2020-11-05T19:45:17.819",
        "is_superuser": true,
        "username": "AdminDjango",
        "first_name": "",
        "last_name": "",
        "email": "",
        "is_staff": true,
        "date_joined": "2020-11-05T18:52:26.534",
        "is_active": true,
        "groups": [],
        "user_permissions": []
    }
},
{
    "model": "usuario.user",
    "pk": 3,
    "fields": {
        "password": "!IT3qdBkcnbKkcNHW2g1pGLNfJWhJvA4ESwVH2umK",
        "last_login": "2020-11-05T20:05:06.233",
        "is_superuser": false,
        "username": "adminsgcas07",
        "first_name": "AdminSGCAS07",
        "last_name": "",
        "email": "is2.equipo7.sgcas@gmail.com",
        "is_staff": false,
        "date_joined": "2020-11-05T19:10:56.056",
        "is_active": true,
        "groups": [
            1
        ],
        "user_permissions": []
    }
},
{
    "model": "usuario.user",
    "pk": 4,
    "fields": {
        "password": "!8FCIDLPtcEIj2pwObJ6BCzKnr2lubMteWRjBf6Gs",
        "last_login": "2020-11-05T20:05:10.226",
        "is_superuser": false,
        "username": "usuario_1",
        "first_name": "Usuario 1",
        "last_name": "",
        "email": "usuario.prueba.is2.2020@gmail.com",
        "is_staff": false,
        "date_joined": "2020-11-05T19:57:40.915",
        "is_active": true,
        "groups": [
            2
        ],
        "user_permissions": []
    }
},
{
    "model": "usuario.user",
    "pk": 5,
    "fields": {
        "password": "!kCSjEx3eIeVgIqr5pSzOfjYwnfWmOfcjsmkLwMnU",
        "last_login": "2020-11-05T20:05:16.495",
        "is_superuser": false,
        "username": "usuario_2",
        "first_name": "Usuario 2",
        "last_name": "",
        "email": "usuario2.prueba2.is2.2020@gmail.com",
        "is_staff": false,
        "date_joined": "2020-11-05T19:58:39.951",
        "is_active": true,
        "groups": [
            3,
            5,
            6,
            8,
            9,
            11,
            12,
            14,
            15,
            17,
            18,
            20,
            21,
            23,
            24,
            26,
            27,
            29,
            30,
            32,
            33,
            35,
            36,
            38,
            39
        ],
        "user_permissions": []
    }
},
{
    "model": "usuario.user",
    "pk": 6,
    "fields": {
        "password": "!Cl2wcv5egWL4I38lCgo6K7gG255lTGRXENNUvceb",
        "last_login": "2020-11-05T20:05:20.105",
        "is_superuser": false,
        "username": "usuario_3",
        "first_name": "Usuario 3",
        "last_name": "",
        "email": "usuario3.prueba3.is2.2020@gmail.com",
        "is_staff": false,
        "date_joined": "2020-11-05T19:59:02.396",
        "is_active": true,
        "groups": [
            3,
            6,
            9,
            12,
            4,
            7,
            10,
            13,
            15,
            16,
            18,
            19,
            21,
            24,
            25,
            27,
            28,
            30,
            22,
            31,
            33,
            34,
            36,
            37,
            39
        ],
        "user_permissions": []
    }
},
{
    "model": "usuario.user",
    "pk": 7,
    "fields": {
        "password": "!JItpAhO1qsUOEM05qrHsfPSihFRQDk9Z8JQ0X6Yv",
        "last_login": "2020-11-05T20:05:23.815",
        "is_superuser": false,
        "username": "usuario_4",
        "first_name": "Usuario 4",
        "last_name": "",
        "email": "usuario4.prueba4.is2.2020@gmail.com",
        "is_staff": false,
        "date_joined": "2020-11-05T19:59:30.078",
        "is_active": true,
        "groups": [
            3,
            6,
            9,
            12,
            15,
            18,
            21,
            24,
            27,
            30,
            33,
            36,
            39
        ],
        "user_permissions": []
    }
},
{
    "model": "usuario.user",
    "pk": 8,
    "fields": {
        "password": "!cZZADof3OLz4uwRR354BbvtmYCyC6QhAopLPHQML",
        "last_login": "2020-11-05T20:05:27.474",
        "is_superuser": false,
        "username": "usuario_5",
        "first_name": "Usuario 5",
        "last_name": "",
        "email": "usuario5.prueba5.is2.2020@gmail.com",
        "is_staff": false,
        "date_joined": "2020-11-05T19:59:46.008",
        "is_active": true,
        "groups": [
            3,
            6,
            9,
            12,
            15,
            18,
            21,
            24,
            27,
            30,
            33,
            36,
            39
        ],
        "user_permissions": []
    }
},
{
    "model": "usuario.user",
    "pk": 9,
    "fields": {
        "password": "!Pf8rdS1yb79KUvOQFB6GvUM52TuB0do0Lj6ALgyj",
        "last_login": "2020-11-05T20:05:31.484",
        "is_superuser": false,
        "username": "usuario_6",
        "first_name": "Usuario 6",
        "last_name": "",
        "email": "chesspy123@gmail.com",
        "is_staff": false,
        "date_joined": "2020-11-05T20:00:01.956",
        "is_active": true,
        "groups": [
            3,
            6,
            9,
            12,
            15,
            18,
            21,
            24,
            27,
            30,
            33,
            36,
            39
        ],
        "user_permissions": []
    }
},
{
    "model": "proyecto.proyecto",
    "pk": 1,
    "fields": {
        "gerente": 4,
        "nombre": "Escenario 1",
        "descripcion": "Proyecto creado sin iniciar \r\n1.Crear el proyecto :nombre, descripcion, agregar miembros.\r\n2.Crear comite :nombre del comite, descripcion, miembros.\r\n3.Crear al menos 3 fases :nombre de la fase, descripci\u00f3n y miembros\r\n4.Crear roles por fases y asignar a los miembros de las fases.",
        "fecha_creacion": "2020-11-05",
        "ultima_modificacion": "2020-11-05T20:10:03.319",
        "fecha_iniciado": null,
        "fecha_cancelado": null,
        "fecha_finalizado": null,
        "estado": "Pendiente",
        "slug": "escenario_1",
        "complejidad": "0.00",
        "miembros": [
            5,
            6,
            7,
            8,
            9
        ]
    }
},
{
    "model": "proyecto.proyecto",
    "pk": 2,
    "fields": {
        "gerente": 4,
        "nombre": "Escenario 2",
        "descripcion": "Proyecto iniciado pero sin items \r\n1.Crear el proyecto :nombre, descripcion, agregar miembros.\r\n2.Crear comite :nombre del comite, descripcion, miembros.\r\n3.Crear al menos 3 fases :nombre de la fase, descripci\u00f3n y miembros\r\n4.Crear roles por fases y asignar a los miembros de las fases.\r\n5.Iniciar Proyecto",
        "fecha_creacion": "2020-11-05",
        "ultima_modificacion": "2020-11-05T21:58:47.595",
        "fecha_iniciado": "2020-11-05",
        "fecha_cancelado": null,
        "fecha_finalizado": null,
        "estado": "Iniciado",
        "slug": "escenario_2",
        "complejidad": "0.00",
        "miembros": [
            5,
            6,
            7,
            8,
            9
        ]
    }
},
{
    "model": "proyecto.proyecto",
    "pk": 3,
    "fields": {
        "gerente": 4,
        "nombre": "Escenario 3",
        "descripcion": "Proyecto avanzado con varios items, fases, linea bases, modificaciones, trazabilidad \r\n1.Crear el proyecto :nombre, descripcion, agregar miembros.\r\n2.Crear comite :nombre del comite, descripcion, miembros.\r\n3.Crear al menos 3 fases :nombre de la fase, descripci\u00f3n y miembros\r\n4.Crear roles por fases y asignar a los miembros de las fases.\r\n5.Iniciar Proyecto\r\n6.Crear tipo de items \r\n7.Creando items \t\t\t\r\n8.Relacionando items\r\n9.Historial de modificacion de un item -> Modificar algunos items y generar historial de versiones\r\n10.Creando lineas bases -> aprobar algunos items \r\n11.Trazabilidad",
        "fecha_creacion": "2020-11-05",
        "ultima_modificacion": "2020-11-05T22:22:04.548",
        "fecha_iniciado": "2020-11-05",
        "fecha_cancelado": null,
        "fecha_finalizado": null,
        "estado": "Iniciado",
        "slug": "escenario_3",
        "complejidad": "26.00",
        "miembros": [
            5,
            6,
            7,
            8,
            9
        ]
    }
},
{
    "model": "proyecto.proyecto",
    "pk": 4,
    "fields": {
        "gerente": 4,
        "nombre": "Escenario 4",
        "descripcion": "Proyecto avanzado listo para cerrar el proyecto y posteriormente recorrer el proyecto en modo visualizaci\u00f3n  \r\n1.Crear el proyecto :nombre, descripcion, agregar miembros.\r\n2.Crear comite :nombre del comite, descripcion, miembros.\r\n3.Crear al menos 3 fases :nombre de la fase, descripci\u00f3n y miembros\r\n4.Crear roles por fases y asignar a los miembros de las fases.\r\n5.Iniciar Proyecto\r\n6.Creando Tipos de items \r\n7.Creando items \r\n8.Relacionando items\r\n9.Historial de modificacion de un item -> Modificar algunos items y generar historial de versiones\r\n10.Creando lineas bases en cada fase  \r\n11.Fases aprobadas \r\n12.Listo para finalizar el proyecto",
        "fecha_creacion": "2020-11-05",
        "ultima_modificacion": "2020-11-05T23:57:45.076",
        "fecha_iniciado": "2020-11-05",
        "fecha_cancelado": null,
        "fecha_finalizado": null,
        "estado": "Iniciado",
        "slug": "escenario_4",
        "complejidad": "28.00",
        "miembros": [
            5,
            6,
            7,
            8,
            9
        ]
    }
},
{
    "model": "fase.fase",
    "pk": 1,
    "fields": {
        "nombre": "Fase 1",
        "descripcion": "Fase 1 del Proyecto Escenario 1",
        "fecha_creacion": "2020-11-05",
        "estado": "Abierta",
        "proyecto": 1,
        "miembros": [
            5,
            6,
            7,
            8,
            9
        ]
    }
},
{
    "model": "fase.fase",
    "pk": 2,
    "fields": {
        "nombre": "Fase 2",
        "descripcion": "Fase 2 del Proyecto Escenario 1",
        "fecha_creacion": "2020-11-05",
        "estado": "Abierta",
        "proyecto": 1,
        "miembros": [
            5,
            6,
            7,
            8,
            9
        ]
    }
},
{
    "model": "fase.fase",
    "pk": 3,
    "fields": {
        "nombre": "Fase 3",
        "descripcion": "Fase 3 del Proyecto Escenario 1",
        "fecha_creacion": "2020-11-05",
        "estado": "Abierta",
        "proyecto": 1,
        "miembros": [
            5,
            6,
            7,
            8,
            9
        ]
    }
},
{
    "model": "fase.fase",
    "pk": 4,
    "fields": {
        "nombre": "Fase 1",
        "descripcion": "Esta es la Fase 1 del Proyecto Escenario 2",
        "fecha_creacion": "2020-11-05",
        "estado": "Abierta",
        "proyecto": 2,
        "miembros": [
            5,
            6,
            7,
            8,
            9
        ]
    }
},
{
    "model": "fase.fase",
    "pk": 5,
    "fields": {
        "nombre": "Fase 2",
        "descripcion": "Este es la Fase 2 del Proyecto Escenario 2",
        "fecha_creacion": "2020-11-05",
        "estado": "Abierta",
        "proyecto": 2,
        "miembros": [
            5,
            6,
            7,
            8,
            9
        ]
    }
},
{
    "model": "fase.fase",
    "pk": 6,
    "fields": {
        "nombre": "Fase 3",
        "descripcion": "Este es la Fase 3 del Proyecto Escenario 2",
        "fecha_creacion": "2020-11-05",
        "estado": "Abierta",
        "proyecto": 2,
        "miembros": [
            5,
            6,
            7,
            8,
            9
        ]
    }
},
{
    "model": "fase.fase",
    "pk": 7,
    "fields": {
        "nombre": "Fase 1",
        "descripcion": "Esta es la Fase 1 del Proyecto Escenario 3",
        "fecha_creacion": "2020-11-05",
        "estado": "Abierta",
        "proyecto": 3,
        "miembros": [
            5,
            6,
            7,
            8,
            9
        ]
    }
},
{
    "model": "fase.fase",
    "pk": 8,
    "fields": {
        "nombre": "Fase 2",
        "descripcion": "Este es la Fase 2 del Proyecto Escenario 3",
        "fecha_creacion": "2020-11-05",
        "estado": "Abierta",
        "proyecto": 3,
        "miembros": [
            5,
            6,
            7,
            8,
            9
        ]
    }
},
{
    "model": "fase.fase",
    "pk": 9,
    "fields": {
        "nombre": "Fase 3",
        "descripcion": "Este es la Fase 3 del Proyecto Escenario 3",
        "fecha_creacion": "2020-11-05",
        "estado": "Abierta",
        "proyecto": 3,
        "miembros": [
            5,
            6,
            7,
            8,
            9
        ]
    }
},
{
    "model": "fase.fase",
    "pk": 10,
    "fields": {
        "nombre": "Fase 1",
        "descripcion": "Este es la Fase 1 del Proyecto Escenario 4",
        "fecha_creacion": "2020-11-05",
        "estado": "Cerrada",
        "proyecto": 4,
        "miembros": [
            5,
            6,
            7,
            8,
            9
        ]
    }
},
{
    "model": "fase.fase",
    "pk": 11,
    "fields": {
        "nombre": "Fase 2",
        "descripcion": "Este es la Fase 2 del Proyecto Escenario 4",
        "fecha_creacion": "2020-11-05",
        "estado": "Cerrada",
        "proyecto": 4,
        "miembros": [
            5,
            6,
            7,
            8,
            9
        ]
    }
},
{
    "model": "fase.fase",
    "pk": 12,
    "fields": {
        "nombre": "Fase 3",
        "descripcion": "Esta es la Fase 3 del Proyecto Escenario 4",
        "fecha_creacion": "2020-11-05",
        "estado": "Cerrada",
        "proyecto": 4,
        "miembros": [
            5,
            6,
            7,
            8,
            9
        ]
    }
},
{
    "model": "comite.comite",
    "pk": 1,
    "fields": {
        "nombre": "Comite I",
        "descripcion": "Comite del Proyecto Escenario I",
        "proyecto": 1,
        "miembros": [
            6,
            7,
            8
        ]
    }
},
{
    "model": "comite.comite",
    "pk": 2,
    "fields": {
        "nombre": "Comite II",
        "descripcion": "Este es el comite II del Proyecto Escenario 2",
        "proyecto": 2,
        "miembros": [
            6,
            7,
            8
        ]
    }
},
{
    "model": "comite.comite",
    "pk": 3,
    "fields": {
        "nombre": "Comite IV",
        "descripcion": "Este es el comite IV del Proyecto Escenario 4",
        "proyecto": 4,
        "miembros": [
            6,
            7,
            8
        ]
    }
},
{
    "model": "comite.comite",
    "pk": 4,
    "fields": {
        "nombre": "Comite III",
        "descripcion": "Este es el comite III del Proyecto Escenario 3",
        "proyecto": 3,
        "miembros": [
            6,
            7,
            8
        ]
    }
},
{
    "model": "rol.rol",
    "pk": 1,
    "fields": {
        "nombre": "AdministradorSGCAS",
        "group": 1,
        "fase": null,
        "usuarios": [
            3
        ]
    }
},
{
    "model": "rol.rol",
    "pk": 2,
    "fields": {
        "nombre": "Gerente",
        "group": 2,
        "fase": null,
        "usuarios": [
            4
        ]
    }
},
{
    "model": "rol.rol",
    "pk": 3,
    "fields": {
        "nombre": "Rol B\u00e1sico SGCAS",
        "group": 3,
        "fase": null,
        "usuarios": [
            5,
            6,
            7,
            8,
            9
        ]
    }
},
{
    "model": "rol.rol",
    "pk": 4,
    "fields": {
        "nombre": "QA F1E1",
        "group": 4,
        "fase": 1,
        "usuarios": [
            6
        ]
    }
},
{
    "model": "rol.rol",
    "pk": 5,
    "fields": {
        "nombre": "Desarrollador F1E1",
        "group": 5,
        "fase": 1,
        "usuarios": [
            5
        ]
    }
},
{
    "model": "rol.rol",
    "pk": 6,
    "fields": {
        "nombre": "Rol B\u00e1sico F1E1",
        "group": 6,
        "fase": 1,
        "usuarios": [
            5,
            6,
            7,
            8,
            9
        ]
    }
},
{
    "model": "rol.rol",
    "pk": 7,
    "fields": {
        "nombre": "QA F2E1",
        "group": 7,
        "fase": 2,
        "usuarios": [
            6
        ]
    }
},
{
    "model": "rol.rol",
    "pk": 8,
    "fields": {
        "nombre": "Desarrollador F2E1",
        "group": 8,
        "fase": 2,
        "usuarios": [
            5
        ]
    }
},
{
    "model": "rol.rol",
    "pk": 9,
    "fields": {
        "nombre": "Rol B\u00e1sico F2E1",
        "group": 9,
        "fase": 2,
        "usuarios": [
            5,
            6,
            7,
            8,
            9
        ]
    }
},
{
    "model": "rol.rol",
    "pk": 10,
    "fields": {
        "nombre": "QA F3E1",
        "group": 10,
        "fase": 3,
        "usuarios": [
            6
        ]
    }
},
{
    "model": "rol.rol",
    "pk": 11,
    "fields": {
        "nombre": "Desarrollador F3E1",
        "group": 11,
        "fase": 3,
        "usuarios": [
            5
        ]
    }
},
{
    "model": "rol.rol",
    "pk": 12,
    "fields": {
        "nombre": "Rol B\u00e1sico F3E1",
        "group": 12,
        "fase": 3,
        "usuarios": [
            5,
            6,
            7,
            8,
            9
        ]
    }
},
{
    "model": "rol.rol",
    "pk": 13,
    "fields": {
        "nombre": "QA F1E2",
        "group": 13,
        "fase": 4,
        "usuarios": [
            6
        ]
    }
},
{
    "model": "rol.rol",
    "pk": 14,
    "fields": {
        "nombre": "Desarrollador F1E2",
        "group": 14,
        "fase": 4,
        "usuarios": [
            5
        ]
    }
},
{
    "model": "rol.rol",
    "pk": 15,
    "fields": {
        "nombre": "Rol B\u00e1sico F1E2",
        "group": 15,
        "fase": 4,
        "usuarios": [
            5,
            6,
            7,
            8,
            9
        ]
    }
},
{
    "model": "rol.rol",
    "pk": 16,
    "fields": {
        "nombre": "QA F2E2",
        "group": 16,
        "fase": 5,
        "usuarios": [
            6
        ]
    }
},
{
    "model": "rol.rol",
    "pk": 17,
    "fields": {
        "nombre": "Desarrollador F2E2",
        "group": 17,
        "fase": 5,
        "usuarios": [
            5
        ]
    }
},
{
    "model": "rol.rol",
    "pk": 18,
    "fields": {
        "nombre": "Rol B\u00e1sico F2E2",
        "group": 18,
        "fase": 5,
        "usuarios": [
            5,
            6,
            7,
            8,
            9
        ]
    }
},
{
    "model": "rol.rol",
    "pk": 19,
    "fields": {
        "nombre": "QA F3E2",
        "group": 19,
        "fase": 6,
        "usuarios": [
            6
        ]
    }
},
{
    "model": "rol.rol",
    "pk": 20,
    "fields": {
        "nombre": "Desarrollador F3E2",
        "group": 20,
        "fase": 6,
        "usuarios": [
            5
        ]
    }
},
{
    "model": "rol.rol",
    "pk": 21,
    "fields": {
        "nombre": "Rol B\u00e1sico F3E2",
        "group": 21,
        "fase": 6,
        "usuarios": [
            5,
            6,
            7,
            8,
            9
        ]
    }
},
{
    "model": "rol.rol",
    "pk": 22,
    "fields": {
        "nombre": "QA F1E3",
        "group": 22,
        "fase": 7,
        "usuarios": [
            6
        ]
    }
},
{
    "model": "rol.rol",
    "pk": 23,
    "fields": {
        "nombre": "Desarrollador F1E3",
        "group": 23,
        "fase": 7,
        "usuarios": [
            5
        ]
    }
},
{
    "model": "rol.rol",
    "pk": 24,
    "fields": {
        "nombre": "Rol B\u00e1sico F1E3",
        "group": 24,
        "fase": 7,
        "usuarios": [
            5,
            6,
            7,
            8,
            9
        ]
    }
},
{
    "model": "rol.rol",
    "pk": 25,
    "fields": {
        "nombre": "QA F2E3",
        "group": 25,
        "fase": 8,
        "usuarios": [
            6
        ]
    }
},
{
    "model": "rol.rol",
    "pk": 26,
    "fields": {
        "nombre": "Desarrollador F2E3",
        "group": 26,
        "fase": 8,
        "usuarios": [
            5
        ]
    }
},
{
    "model": "rol.rol",
    "pk": 27,
    "fields": {
        "nombre": "Rol B\u00e1sico F2E3",
        "group": 27,
        "fase": 8,
        "usuarios": [
            5,
            6,
            7,
            8,
            9
        ]
    }
},
{
    "model": "rol.rol",
    "pk": 28,
    "fields": {
        "nombre": "QA F3E3",
        "group": 28,
        "fase": 9,
        "usuarios": [
            6
        ]
    }
},
{
    "model": "rol.rol",
    "pk": 29,
    "fields": {
        "nombre": "Desarrollador F3E3",
        "group": 29,
        "fase": 9,
        "usuarios": [
            5
        ]
    }
},
{
    "model": "rol.rol",
    "pk": 30,
    "fields": {
        "nombre": "Rol B\u00e1sico F3E3",
        "group": 30,
        "fase": 9,
        "usuarios": [
            5,
            6,
            7,
            8,
            9
        ]
    }
},
{
    "model": "rol.rol",
    "pk": 31,
    "fields": {
        "nombre": "QA F1E4",
        "group": 31,
        "fase": 10,
        "usuarios": [
            6
        ]
    }
},
{
    "model": "rol.rol",
    "pk": 32,
    "fields": {
        "nombre": "Desarrollador F1E4",
        "group": 32,
        "fase": 10,
        "usuarios": [
            5
        ]
    }
},
{
    "model": "rol.rol",
    "pk": 33,
    "fields": {
        "nombre": "Rol B\u00e1sico F1E4",
        "group": 33,
        "fase": 10,
        "usuarios": [
            5,
            6,
            7,
            8,
            9
        ]
    }
},
{
    "model": "rol.rol",
    "pk": 34,
    "fields": {
        "nombre": "QA F2E4",
        "group": 34,
        "fase": 11,
        "usuarios": [
            6
        ]
    }
},
{
    "model": "rol.rol",
    "pk": 35,
    "fields": {
        "nombre": "Desarrollador F2E4",
        "group": 35,
        "fase": 11,
        "usuarios": [
            5
        ]
    }
},
{
    "model": "rol.rol",
    "pk": 36,
    "fields": {
        "nombre": "Rol B\u00e1sico F2E4",
        "group": 36,
        "fase": 11,
        "usuarios": [
            5,
            6,
            7,
            8,
            9
        ]
    }
},
{
    "model": "rol.rol",
    "pk": 37,
    "fields": {
        "nombre": "QA F3E4",
        "group": 37,
        "fase": 12,
        "usuarios": [
            6
        ]
    }
},
{
    "model": "rol.rol",
    "pk": 38,
    "fields": {
        "nombre": "Desarrollador F3E4",
        "group": 38,
        "fase": 12,
        "usuarios": [
            5
        ]
    }
},
{
    "model": "rol.rol",
    "pk": 39,
    "fields": {
        "nombre": "Rol B\u00e1sico F3E4",
        "group": 39,
        "fase": 12,
        "usuarios": [
            5,
            6,
            7,
            8,
            9
        ]
    }
},
{
    "model": "item.item",
    "pk": 3,
    "fields": {
        "nombre": "Item 1 F2E3",
        "descripcion": "Este es el item 1 de la F2E3(Modificaci\u00f3n)",
        "fecha_creacion": "2020-11-05T22:20:43.028",
        "estado": "Desarrollo",
        "en_linea_base": false,
        "costo": 6,
        "archivo": "testing_lproB4K.jpg",
        "file_url_cloud": "https://firebasestorage.googleapis.com/v0/b/sgcas-is2-team7.appspot.com/o/2020-11-05%2Ftesting_lproB4K.jpg?alt=media&token=testing_lproB4K.jpg",
        "fase": 8,
        "tipo_item": 3,
        "impacto": "0.00",
        "boolean": true,
        "char": "F",
        "date": "2020-11-04",
        "numerico": "3.14",
        "nro_version": "0.2",
        "versiones": null,
        "last_release": true,
        "ultima_modificacion": "2020-11-05T22:50:43.015",
        "usuarios_a_cargo": [
            6,
            8,
            9
        ],
        "padres": [
            4
        ],
        "hijos": [],
        "antecesores": [],
        "sucesores": [
            5
        ]
    }
},
{
    "model": "item.item",
    "pk": 4,
    "fields": {
        "nombre": "Item 2 F2E3",
        "descripcion": "Este es el item 2 de la F2E3",
        "fecha_creacion": "2020-11-05T22:21:15.056",
        "estado": "Desarrollo",
        "en_linea_base": false,
        "costo": 3,
        "archivo": "testing_JG8GmER.jpg",
        "file_url_cloud": "https://firebasestorage.googleapis.com/v0/b/sgcas-is2-team7.appspot.com/o/2020-11-05%2Ftesting_JG8GmER.jpg?alt=media&token=testing_JG8GmER.jpg",
        "fase": 8,
        "tipo_item": 4,
        "impacto": "0.00",
        "boolean": false,
        "char": "F",
        "date": null,
        "numerico": "0.00",
        "nro_version": "0.2",
        "versiones": null,
        "last_release": true,
        "ultima_modificacion": "2020-11-05T22:50:51.068",
        "usuarios_a_cargo": [
            6,
            7,
            9
        ],
        "padres": [],
        "hijos": [
            3
        ],
        "antecesores": [],
        "sucesores": []
    }
},
{
    "model": "item.item",
    "pk": 5,
    "fields": {
        "nombre": "Item 1 F3E3",
        "descripcion": "Este es el item 1 de la F3E3",
        "fecha_creacion": "2020-11-05T22:21:41.852",
        "estado": "Desarrollo",
        "en_linea_base": false,
        "costo": 7,
        "archivo": "",
        "file_url_cloud": null,
        "fase": 9,
        "tipo_item": 4,
        "impacto": "0.00",
        "boolean": false,
        "char": "A",
        "date": null,
        "numerico": "0.00",
        "nro_version": "0.1",
        "versiones": null,
        "last_release": true,
        "ultima_modificacion": "2020-11-05T22:21:48.217",
        "usuarios_a_cargo": [
            5
        ],
        "padres": [],
        "hijos": [],
        "antecesores": [
            3
        ],
        "sucesores": []
    }
},
{
    "model": "item.item",
    "pk": 6,
    "fields": {
        "nombre": "Item 2 F3E3",
        "descripcion": "Este es el Item 2 de la F3E3",
        "fecha_creacion": "2020-11-05T22:22:04.486",
        "estado": "Desarrollo",
        "en_linea_base": false,
        "costo": 2,
        "archivo": "",
        "file_url_cloud": null,
        "fase": 9,
        "tipo_item": 4,
        "impacto": "0.00",
        "boolean": false,
        "char": "R",
        "date": null,
        "numerico": "0.00",
        "nro_version": "0.1",
        "versiones": null,
        "last_release": true,
        "ultima_modificacion": "2020-11-05T22:22:10.280",
        "usuarios_a_cargo": [
            7,
            9
        ],
        "padres": [],
        "hijos": [],
        "antecesores": [],
        "sucesores": []
    }
},
{
    "model": "item.item",
    "pk": 11,
    "fields": {
        "nombre": "Item 1 F1E3",
        "descripcion": "Este es el Item 1 de la F1E3",
        "fecha_creacion": "2020-11-05T22:27:51.916",
        "estado": "Aprobado",
        "en_linea_base": false,
        "costo": 3,
        "archivo": "testing.jpg",
        "file_url_cloud": "https://firebasestorage.googleapis.com/v0/b/sgcas-is2-team7.appspot.com/o/2020-11-05%2Ftesting.jpg?alt=media&token=testing.jpg",
        "fase": 7,
        "tipo_item": 1,
        "impacto": "0.00",
        "boolean": true,
        "char": "",
        "date": null,
        "numerico": "5.67",
        "nro_version": "0.1",
        "versiones": null,
        "last_release": true,
        "ultima_modificacion": "2020-11-05T22:53:58.362",
        "usuarios_a_cargo": [
            5,
            6,
            7,
            8,
            9
        ],
        "padres": [],
        "hijos": [
            12
        ],
        "antecesores": [],
        "sucesores": []
    }
},
{
    "model": "item.item",
    "pk": 12,
    "fields": {
        "nombre": "Item 2 F1E3",
        "descripcion": "Este es el Item 2 de la F1E3",
        "fecha_creacion": "2020-11-05T22:27:58.165",
        "estado": "Aprobado",
        "en_linea_base": false,
        "costo": 2,
        "archivo": "testing_1qYxckx.jpg",
        "file_url_cloud": "https://firebasestorage.googleapis.com/v0/b/sgcas-is2-team7.appspot.com/o/2020-11-05%2Ftesting_1qYxckx.jpg?alt=media&token=testing_1qYxckx.jpg",
        "fase": 7,
        "tipo_item": 2,
        "impacto": "0.00",
        "boolean": false,
        "char": "F",
        "date": "2020-11-03",
        "numerico": "0.00",
        "nro_version": "0.1",
        "versiones": null,
        "last_release": true,
        "ultima_modificacion": "2020-11-05T22:54:01.002",
        "usuarios_a_cargo": [
            5,
            6
        ],
        "padres": [
            11
        ],
        "hijos": [],
        "antecesores": [],
        "sucesores": [
            4
        ]
    }
},
{
    "model": "item.item",
    "pk": 13,
    "fields": {
        "nombre": "Item 1 F2E3",
        "descripcion": "Este es el item 1 de la F2E3",
        "fecha_creacion": "2020-11-05T22:50:41.474",
        "estado": "Desarrollo",
        "en_linea_base": false,
        "costo": 6,
        "archivo": "testing_lproB4K.jpg",
        "file_url_cloud": "https://firebasestorage.googleapis.com/v0/b/sgcas-is2-team7.appspot.com/o/2020-11-05%2Ftesting_lproB4K.jpg?alt=media&token=testing_lproB4K.jpg",
        "fase": 8,
        "tipo_item": 3,
        "impacto": "0.00",
        "boolean": true,
        "char": "F",
        "date": "2020-11-04",
        "numerico": "3.14",
        "nro_version": "0.1",
        "versiones": 3,
        "last_release": false,
        "ultima_modificacion": "2020-11-05T22:50:41.474",
        "usuarios_a_cargo": [
            6,
            8,
            9
        ],
        "padres": [
            4
        ],
        "hijos": [],
        "antecesores": [],
        "sucesores": [
            5
        ]
    }
},
{
    "model": "item.item",
    "pk": 14,
    "fields": {
        "nombre": "Item 2 F2E3",
        "descripcion": "Este es el item 2 de la F2E3",
        "fecha_creacion": "2020-11-05T22:50:49.683",
        "estado": "Desarrollo",
        "en_linea_base": false,
        "costo": 6,
        "archivo": "testing_JG8GmER.jpg",
        "file_url_cloud": "https://firebasestorage.googleapis.com/v0/b/sgcas-is2-team7.appspot.com/o/2020-11-05%2Ftesting_JG8GmER.jpg?alt=media&token=testing_JG8GmER.jpg",
        "fase": 8,
        "tipo_item": 4,
        "impacto": "0.00",
        "boolean": false,
        "char": "F",
        "date": null,
        "numerico": "0.00",
        "nro_version": "0.1",
        "versiones": 4,
        "last_release": false,
        "ultima_modificacion": "2020-11-05T22:50:49.683",
        "usuarios_a_cargo": [
            6,
            7,
            9
        ],
        "padres": [],
        "hijos": [
            3
        ],
        "antecesores": [],
        "sucesores": []
    }
},
{
    "model": "item.item",
    "pk": 16,
    "fields": {
        "nombre": "Item 1 F1E4",
        "descripcion": "Este es el item 1 de la F1E4",
        "fecha_creacion": "2020-11-05T23:53:13.688",
        "estado": "Aprobado",
        "en_linea_base": false,
        "costo": 5,
        "archivo": "",
        "file_url_cloud": null,
        "fase": 10,
        "tipo_item": 8,
        "impacto": "0.00",
        "boolean": true,
        "char": "F",
        "date": "2020-11-04",
        "numerico": "0.00",
        "nro_version": "0.1",
        "versiones": null,
        "last_release": true,
        "ultima_modificacion": "2020-11-06T00:04:24.851",
        "usuarios_a_cargo": [
            5,
            6,
            8
        ],
        "padres": [],
        "hijos": [
            17
        ],
        "antecesores": [],
        "sucesores": []
    }
},
{
    "model": "item.item",
    "pk": 17,
    "fields": {
        "nombre": "Item 2 F1E4",
        "descripcion": "Este es el item  2 de la F1E3",
        "fecha_creacion": "2020-11-05T23:55:48.217",
        "estado": "Aprobado",
        "en_linea_base": false,
        "costo": 6,
        "archivo": "",
        "file_url_cloud": null,
        "fase": 10,
        "tipo_item": 7,
        "impacto": "0.00",
        "boolean": true,
        "char": "",
        "date": "2020-11-24",
        "numerico": "0.00",
        "nro_version": "0.1",
        "versiones": null,
        "last_release": true,
        "ultima_modificacion": "2020-11-06T00:04:30.495",
        "usuarios_a_cargo": [
            6,
            9
        ],
        "padres": [
            16
        ],
        "hijos": [],
        "antecesores": [],
        "sucesores": [
            28
        ]
    }
},
{
    "model": "item.item",
    "pk": 20,
    "fields": {
        "nombre": "Item 1 F3E4",
        "descripcion": "Este es el item 1 de la F3E4",
        "fecha_creacion": "2020-11-05T23:57:13.293",
        "estado": "Aprobado",
        "en_linea_base": false,
        "costo": 1,
        "archivo": "",
        "file_url_cloud": null,
        "fase": 12,
        "tipo_item": 12,
        "impacto": "0.00",
        "boolean": true,
        "char": "",
        "date": null,
        "numerico": "0.00",
        "nro_version": "0.1",
        "versiones": null,
        "last_release": true,
        "ultima_modificacion": "2020-11-06T00:05:00.085",
        "usuarios_a_cargo": [
            8,
            9
        ],
        "padres": [],
        "hijos": [
            21
        ],
        "antecesores": [
            27
        ],
        "sucesores": []
    }
},
{
    "model": "item.item",
    "pk": 21,
    "fields": {
        "nombre": "Item 2 F3E4",
        "descripcion": "Este es el item 2 de la F3E4",
        "fecha_creacion": "2020-11-05T23:57:45.026",
        "estado": "Aprobado",
        "en_linea_base": false,
        "costo": 7,
        "archivo": "",
        "file_url_cloud": null,
        "fase": 12,
        "tipo_item": 12,
        "impacto": "0.00",
        "boolean": true,
        "char": "",
        "date": null,
        "numerico": "0.00",
        "nro_version": "0.1",
        "versiones": null,
        "last_release": true,
        "ultima_modificacion": "2020-11-06T00:05:03.521",
        "usuarios_a_cargo": [
            7,
            8
        ],
        "padres": [
            20
        ],
        "hijos": [],
        "antecesores": [],
        "sucesores": []
    }
},
{
    "model": "item.item",
    "pk": 27,
    "fields": {
        "nombre": "Item 1 F2E4",
        "descripcion": "Este es el item 1 de la F2E4",
        "fecha_creacion": "2020-11-05T23:59:53.514",
        "estado": "Aprobado",
        "en_linea_base": false,
        "costo": 7,
        "archivo": "",
        "file_url_cloud": null,
        "fase": 11,
        "tipo_item": 10,
        "impacto": "0.00",
        "boolean": false,
        "char": "F",
        "date": "2020-11-11",
        "numerico": "0.00",
        "nro_version": "0.1",
        "versiones": null,
        "last_release": true,
        "ultima_modificacion": "2020-11-06T00:04:37.115",
        "usuarios_a_cargo": [
            8,
            9,
            7
        ],
        "padres": [
            28
        ],
        "hijos": [],
        "antecesores": [],
        "sucesores": [
            20
        ]
    }
},
{
    "model": "item.item",
    "pk": 28,
    "fields": {
        "nombre": "Item 2 F2E4",
        "descripcion": "Este es el item 2 de la F2E4",
        "fecha_creacion": "2020-11-06T00:00:02.229",
        "estado": "Aprobado",
        "en_linea_base": false,
        "costo": 2,
        "archivo": "",
        "file_url_cloud": null,
        "fase": 11,
        "tipo_item": 11,
        "impacto": "0.00",
        "boolean": false,
        "char": "F",
        "date": "2020-11-16",
        "numerico": "0.00",
        "nro_version": "0.1",
        "versiones": null,
        "last_release": true,
        "ultima_modificacion": "2020-11-06T00:04:40.566",
        "usuarios_a_cargo": [
            9,
            7
        ],
        "padres": [],
        "hijos": [
            27
        ],
        "antecesores": [
            17
        ],
        "sucesores": []
    }
},
{
    "model": "account.emailaddress",
    "pk": 1,
    "fields": {
        "user": 3,
        "email": "is2.equipo7.sgcas@gmail.com",
        "verified": true,
        "primary": true
    }
},
{
    "model": "account.emailaddress",
    "pk": 2,
    "fields": {
        "user": 4,
        "email": "usuario.prueba.is2.2020@gmail.com",
        "verified": true,
        "primary": true
    }
},
{
    "model": "account.emailaddress",
    "pk": 3,
    "fields": {
        "user": 5,
        "email": "usuario2.prueba2.is2.2020@gmail.com",
        "verified": true,
        "primary": true
    }
},
{
    "model": "account.emailaddress",
    "pk": 4,
    "fields": {
        "user": 6,
        "email": "usuario3.prueba3.is2.2020@gmail.com",
        "verified": true,
        "primary": true
    }
},
{
    "model": "account.emailaddress",
    "pk": 5,
    "fields": {
        "user": 7,
        "email": "usuario4.prueba4.is2.2020@gmail.com",
        "verified": true,
        "primary": true
    }
},
{
    "model": "account.emailaddress",
    "pk": 6,
    "fields": {
        "user": 8,
        "email": "usuario5.prueba5.is2.2020@gmail.com",
        "verified": true,
        "primary": true
    }
},
{
    "model": "account.emailaddress",
    "pk": 7,
    "fields": {
        "user": 9,
        "email": "chesspy123@gmail.com",
        "verified": true,
        "primary": true
    }
},
{
    "model": "socialaccount.socialaccount",
    "pk": 1,
    "fields": {
        "user": 3,
        "provider": "google",
        "uid": "118256556279508509402",
        "last_login": "2020-11-05T20:05:06.195",
        "date_joined": "2020-11-05T19:10:56.080",
        "extra_data": "{\"id\": \"118256556279508509402\", \"email\": \"is2.equipo7.sgcas@gmail.com\", \"verified_email\": true, \"name\": \"AdminSGCAS07\", \"given_name\": \"AdminSGCAS07\", \"picture\": \"https://lh4.googleusercontent.com/-WQrUe1wI13M/AAAAAAAAAAI/AAAAAAAAAAA/AMZuucnbRDlJWZERxqQKTvdsBvgzlXbmdw/s96-c/photo.jpg\", \"locale\": \"es-419\"}"
    }
},
{
    "model": "socialaccount.socialaccount",
    "pk": 2,
    "fields": {
        "user": 4,
        "provider": "google",
        "uid": "114249641593496019449",
        "last_login": "2020-11-05T20:05:10.149",
        "date_joined": "2020-11-05T19:57:40.938",
        "extra_data": "{\"id\": \"114249641593496019449\", \"email\": \"usuario.prueba.is2.2020@gmail.com\", \"verified_email\": true, \"name\": \"Usuario 1\", \"given_name\": \"Usuario 1\", \"picture\": \"https://lh3.googleusercontent.com/-38bVFDYIpW8/AAAAAAAAAAI/AAAAAAAAAAA/AMZuucnlvdsA8QokHZK6ERJfU9Jg6JytUg/s96-c/photo.jpg\", \"locale\": \"en\"}"
    }
},
{
    "model": "socialaccount.socialaccount",
    "pk": 3,
    "fields": {
        "user": 5,
        "provider": "google",
        "uid": "111266230336854021861",
        "last_login": "2020-11-05T20:05:16.416",
        "date_joined": "2020-11-05T19:58:39.969",
        "extra_data": "{\"id\": \"111266230336854021861\", \"email\": \"usuario2.prueba2.is2.2020@gmail.com\", \"verified_email\": true, \"name\": \"Usuario 2\", \"given_name\": \"Usuario 2\", \"picture\": \"https://lh4.googleusercontent.com/-M0km-jSz32A/AAAAAAAAAAI/AAAAAAAAAAA/AMZuucm9-kHo7HCuIn6kUcP8wpwZg8OdGQ/s96-c/photo.jpg\", \"locale\": \"en\"}"
    }
},
{
    "model": "socialaccount.socialaccount",
    "pk": 4,
    "fields": {
        "user": 6,
        "provider": "google",
        "uid": "103376611485659784282",
        "last_login": "2020-11-05T20:05:20.068",
        "date_joined": "2020-11-05T19:59:02.411",
        "extra_data": "{\"id\": \"103376611485659784282\", \"email\": \"usuario3.prueba3.is2.2020@gmail.com\", \"verified_email\": true, \"name\": \"Usuario 3\", \"given_name\": \"Usuario 3\", \"picture\": \"https://lh5.googleusercontent.com/--0wNPaIpgeM/AAAAAAAAAAI/AAAAAAAAAAA/AMZuucnhUM6B0hqUqMKZR4-VyCjKW_v3kw/s96-c/photo.jpg\", \"locale\": \"es-419\"}"
    }
},
{
    "model": "socialaccount.socialaccount",
    "pk": 5,
    "fields": {
        "user": 7,
        "provider": "google",
        "uid": "110965176707136879877",
        "last_login": "2020-11-05T20:05:23.767",
        "date_joined": "2020-11-05T19:59:30.096",
        "extra_data": "{\"id\": \"110965176707136879877\", \"email\": \"usuario4.prueba4.is2.2020@gmail.com\", \"verified_email\": true, \"name\": \"Usuario 4\", \"given_name\": \"Usuario 4\", \"picture\": \"https://lh6.googleusercontent.com/-8fozLZx9ZA4/AAAAAAAAAAI/AAAAAAAAAAA/AMZuucnqfyMBXde4JnObSmPlW0K1GEf6fA/s96-c/photo.jpg\", \"locale\": \"es-419\"}"
    }
},
{
    "model": "socialaccount.socialaccount",
    "pk": 6,
    "fields": {
        "user": 8,
        "provider": "google",
        "uid": "116277567701434914369",
        "last_login": "2020-11-05T20:05:27.435",
        "date_joined": "2020-11-05T19:59:46.028",
        "extra_data": "{\"id\": \"116277567701434914369\", \"email\": \"usuario5.prueba5.is2.2020@gmail.com\", \"verified_email\": true, \"name\": \"Usuario 5\", \"given_name\": \"Usuario 5\", \"picture\": \"https://lh6.googleusercontent.com/-8rFYxVY8KCY/AAAAAAAAAAI/AAAAAAAAAAA/AMZuuclPWRF2Hqu2M00812Eh3kGqUdMwWA/s96-c/photo.jpg\", \"locale\": \"es-419\"}"
    }
},
{
    "model": "socialaccount.socialaccount",
    "pk": 7,
    "fields": {
        "user": 9,
        "provider": "google",
        "uid": "111113584675318030426",
        "last_login": "2020-11-05T20:05:31.450",
        "date_joined": "2020-11-05T20:00:01.975",
        "extra_data": "{\"id\": \"111113584675318030426\", \"email\": \"chesspy123@gmail.com\", \"verified_email\": true, \"name\": \"Usuario 6\", \"given_name\": \"Usuario 6\", \"picture\": \"https://lh6.googleusercontent.com/-VdYSo7z_VWM/AAAAAAAAAAI/AAAAAAAAAAA/AMZuucn-1o-Q3aH4XLBjagngL8yR3XZuBw/s96-c/photo.jpg\", \"locale\": \"en\"}"
    }
},
{
    "model": "admin.logentry",
    "pk": 1,
    "fields": {
        "action_time": "2020-11-05T19:08:38.888",
        "user": 2,
        "content_type": 19,
        "object_id": "1",
        "object_repr": "localhost:8000",
        "action_flag": 2,
        "change_message": "[{\"changed\": {\"fields\": [\"Domain name\", \"Display name\"]}}]"
    }
},
{
    "model": "admin.logentry",
    "pk": 2,
    "fields": {
        "action_time": "2020-11-05T19:10:39.574",
        "user": 2,
        "content_type": 23,
        "object_id": "1",
        "object_repr": "Google AOuth",
        "action_flag": 1,
        "change_message": "[{\"added\": {}}]"
    }
}
]
