[
{
    "model": "contenttypes.contenttype",
    "pk": 1,
    "fields": {
        "app_label": "admin",
        "model": "logentry"
    }
},
{
    "model": "contenttypes.contenttype",
    "pk": 2,
    "fields": {
        "app_label": "auth",
        "model": "permission"
    }
},
{
    "model": "contenttypes.contenttype",
    "pk": 3,
    "fields": {
        "app_label": "auth",
        "model": "group"
    }
},
{
    "model": "contenttypes.contenttype",
    "pk": 4,
    "fields": {
        "app_label": "contenttypes",
        "model": "contenttype"
    }
},
{
    "model": "contenttypes.contenttype",
    "pk": 5,
    "fields": {
        "app_label": "sessions",
        "model": "session"
    }
},
{
    "model": "contenttypes.contenttype",
    "pk": 6,
    "fields": {
        "app_label": "usuario",
        "model": "user"
    }
},
{
    "model": "contenttypes.contenttype",
    "pk": 7,
    "fields": {
        "app_label": "proyecto",
        "model": "proyecto"
    }
},
{
    "model": "contenttypes.contenttype",
    "pk": 8,
    "fields": {
        "app_label": "fase",
        "model": "fase"
    }
},
{
    "model": "contenttypes.contenttype",
    "pk": 9,
    "fields": {
        "app_label": "linea_base",
        "model": "lineabase"
    }
},
{
    "model": "contenttypes.contenttype",
    "pk": 10,
    "fields": {
        "app_label": "comite",
        "model": "comite"
    }
},
{
    "model": "contenttypes.contenttype",
    "pk": 11,
    "fields": {
        "app_label": "comite",
        "model": "solicitud"
    }
},
{
    "model": "contenttypes.contenttype",
    "pk": 12,
    "fields": {
        "app_label": "rol",
        "model": "rol"
    }
},
{
    "model": "contenttypes.contenttype",
    "pk": 13,
    "fields": {
        "app_label": "tipo_item",
        "model": "tipoitem"
    }
},
{
    "model": "contenttypes.contenttype",
    "pk": 14,
    "fields": {
        "app_label": "item",
        "model": "item"
    }
},
{
    "model": "contenttypes.contenttype",
    "pk": 15,
    "fields": {
        "app_label": "guardian",
        "model": "groupobjectpermission"
    }
},
{
    "model": "contenttypes.contenttype",
    "pk": 16,
    "fields": {
        "app_label": "guardian",
        "model": "userobjectpermission"
    }
},
{
    "model": "contenttypes.contenttype",
    "pk": 17,
    "fields": {
        "app_label": "sites",
        "model": "site"
    }
},
{
    "model": "contenttypes.contenttype",
    "pk": 18,
    "fields": {
        "app_label": "account",
        "model": "emailaddress"
    }
},
{
    "model": "contenttypes.contenttype",
    "pk": 19,
    "fields": {
        "app_label": "account",
        "model": "emailconfirmation"
    }
},
{
    "model": "contenttypes.contenttype",
    "pk": 20,
    "fields": {
        "app_label": "socialaccount",
        "model": "socialaccount"
    }
},
{
    "model": "contenttypes.contenttype",
    "pk": 21,
    "fields": {
        "app_label": "socialaccount",
        "model": "socialapp"
    }
},
{
    "model": "contenttypes.contenttype",
    "pk": 22,
    "fields": {
        "app_label": "socialaccount",
        "model": "socialtoken"
    }
},
{
    "model": "sessions.session",
    "pk": "faee957wia131nlfrhffrkccanzypw8x",
    "fields": {
        "session_data": "ZTNjNmExZGU2OWJjODMwNjg3YzQ0ZDgyYjkyYzkxMDg4OTI5OTA5Nzp7Il9hdXRoX3VzZXJfaWQiOiI4IiwiX2F1dGhfdXNlcl9iYWNrZW5kIjoiYWxsYXV0aC5hY2NvdW50LmF1dGhfYmFja2VuZHMuQXV0aGVudGljYXRpb25CYWNrZW5kIiwiX2F1dGhfdXNlcl9oYXNoIjoiODg2MGQ1NTZiZTIxMTA4MmY5ODUyMzIwMTM1M2RkZDA0MDI1MWI2ZSJ9",
        "expire_date": "2020-10-28T12:21:47.353Z"
    }
},
{
    "model": "tipo_item.tipoitem",
    "pk": 1,
    "fields": {
        "nombre": "Tipo de Item I F1E3",
        "descripcion": "Este es un tipo de item I de prueba F1E3",
        "atributos": "Char,Date",
        "fase": 8
    }
},
{
    "model": "tipo_item.tipoitem",
    "pk": 2,
    "fields": {
        "nombre": "Tipo de Item II F1E3",
        "descripcion": "Este es un tipo de item II de prueba F1E3",
        "atributos": "Date",
        "fase": 8
    }
},
{
    "model": "tipo_item.tipoitem",
    "pk": 3,
    "fields": {
        "nombre": "Tipo de Item I F2E3",
        "descripcion": "Este es un tipo de item I de prueba F2E3",
        "atributos": "Boolean,Numerico",
        "fase": 9
    }
},
{
    "model": "tipo_item.tipoitem",
    "pk": 4,
    "fields": {
        "nombre": "Tipo de Item II F2E3",
        "descripcion": "Este es un tipo de item II de prueba F2E3",
        "atributos": "Boolean",
        "fase": 9
    }
},
{
    "model": "tipo_item.tipoitem",
    "pk": 5,
    "fields": {
        "nombre": "Tipo de Item I F3E3",
        "descripcion": "Este es un tipo de item I de prueba F3E3",
        "atributos": "Boolean,Char,Date,Numerico",
        "fase": 10
    }
},
{
    "model": "tipo_item.tipoitem",
    "pk": 6,
    "fields": {
        "nombre": "Tipo de Item II F3E3",
        "descripcion": "Este es un tipo de item II de prueba F3E3",
        "atributos": "Char,Date",
        "fase": 10
    }
},
{
    "model": "tipo_item.tipoitem",
    "pk": 7,
    "fields": {
        "nombre": "Tipo de Item I F1E4",
        "descripcion": "Este es un tipo de item I de prueba F1E4",
        "atributos": "Boolean,Char,Date,Numerico",
        "fase": 11
    }
},
{
    "model": "tipo_item.tipoitem",
    "pk": 8,
    "fields": {
        "nombre": "Tipo de Item II F1E4",
        "descripcion": "Este es un tipo de item II de prueba F1E4",
        "atributos": "Boolean",
        "fase": 11
    }
},
{
    "model": "tipo_item.tipoitem",
    "pk": 9,
    "fields": {
        "nombre": "Tipo de Item I F2E4",
        "descripcion": "Este es un tipo de item I de prueba F2E4",
        "atributos": "Char,Date",
        "fase": 12
    }
},
{
    "model": "tipo_item.tipoitem",
    "pk": 10,
    "fields": {
        "nombre": "Tipo de Item II F2E4",
        "descripcion": "Este es un tipo de item II de prueba F2E4",
        "atributos": "Date,Numerico",
        "fase": 12
    }
},
{
    "model": "tipo_item.tipoitem",
    "pk": 11,
    "fields": {
        "nombre": "Tipo de Item I F3E4",
        "descripcion": "Este es un tipo de item I de prueba F3E4",
        "atributos": "Char",
        "fase": 13
    }
},
{
    "model": "tipo_item.tipoitem",
    "pk": 12,
    "fields": {
        "nombre": "Tipo de Item II F3E4",
        "descripcion": "Este es un tipo de item II de prueba F3E4",
        "atributos": "Char",
        "fase": 13
    }
},
{
    "model": "sites.site",
    "pk": 1,
    "fields": {
        "domain": "localhost:8000",
        "name": "localhost:8000"
    }
},
{
    "model": "socialaccount.socialapp",
    "pk": 1,
    "fields": {
        "provider": "google",
        "name": "Google OAuth",
        "client_id": "54345317012-sv5e5ven89le1n0utndt2p4a0auqrehp.apps.googleusercontent.com",
        "secret": "rgghbb_OwjNd539Q6ZMCcAGq",
        "key": "",
        "sites": [
            1
        ]
    }
},
{
    "model": "socialaccount.socialtoken",
    "pk": 1,
    "fields": {
        "app": 1,
        "account": 1,
        "token": "ya29.a0AfH6SMBn9DDOwrPERhKQkUNe6Y7KcMSiEv_g4K8roJjm2TPHN22qjp8xF8Ko3yx5TqLblsFcpdzMU9VDGdEaixREtyh9NZpf8hkf9kP1zkXmLllbELyh8iozNWIu6rVA-3nv72jZpSBm5_97L94c-afyXNLJ6clNEBEQUA",
        "token_secret": "",
        "expires_at": "2020-10-14T13:21:30.677Z"
    }
},
{
    "model": "socialaccount.socialtoken",
    "pk": 2,
    "fields": {
        "app": 1,
        "account": 2,
        "token": "ya29.a0AfH6SMB23r_Jy7zjTZu3NgRRdviYSLdwN2WvsRFKU8tkAvaIEuVxECm6zf0urgDu9hQVYcYFQ0oqBMlB8V4uaXdliWO2SjueQTGJVaAzfw4X9rlZiFqNvreFKitVgMIeq_LZ2L1T9A2fBwAUzj3piEGFLjOjGl2TJi8",
        "token_secret": "",
        "expires_at": "2020-10-13T17:49:02.928Z"
    }
},
{
    "model": "socialaccount.socialtoken",
    "pk": 3,
    "fields": {
        "app": 1,
        "account": 3,
        "token": "ya29.a0AfH6SMCfFFC2vgDk1sx--_Z6b_ILfnNvpexl52h7c9RVgg-Y47jS9xf-jC_AqZnP-fh7awy8iTzx80-yE1Uo4xOaUjlcI6dmQMTcwOz4aEq1zzbkZbRsVXfBneqH4R84_21Tzd2tcYhIJiz2tvhEatoiX7C7jr0PBfg",
        "token_secret": "",
        "expires_at": "2020-10-13T16:15:27.350Z"
    }
},
{
    "model": "socialaccount.socialtoken",
    "pk": 4,
    "fields": {
        "app": 1,
        "account": 4,
        "token": "ya29.a0AfH6SMD7nW5_ik6bhuz77g41PUcVIz05HNni8mL9VtSzAKYjI25YSgajw_R0IlRnqrpbCUbzbWFfwMjQBC7-YXc3YAkVVWQdc2Ztv5kf2h734t338n5Y1YGRX_13x1JJufybKjz5FT1WGIg4KJm19XqQM6UqZBWftlE",
        "token_secret": "",
        "expires_at": "2020-10-13T16:15:32.862Z"
    }
},
{
    "model": "socialaccount.socialtoken",
    "pk": 5,
    "fields": {
        "app": 1,
        "account": 5,
        "token": "ya29.a0AfH6SMBn0nY_IIyMWummqKiFikPeEoEgY-txXIUn5pxbCEhelr869wyHIsFu5L0S8s-tVcpyTHuTAWGt9l-cZ-KNuHB7fxSCtu8-YQ1I98xvx5VfJiIWUXxci8f8CMNEMWvK9nYJhW0Yuj1OD0_dmKegIb6531oMKz0",
        "token_secret": "",
        "expires_at": "2020-10-14T04:50:46.263Z"
    }
},
{
    "model": "socialaccount.socialtoken",
    "pk": 6,
    "fields": {
        "app": 1,
        "account": 6,
        "token": "ya29.a0AfH6SMDu0zm6mmZERDN1_Ei4ZCComaUT3_O3MF30iY8JX52F3M6d7WRz7hpd0o-KL4E7hfapAjvEImpjw7od543Ci2BWpGlI9WFwwSMU4_dhtDPKHRrI-8Y9MF08mqBTHBluWjQCuzdof0EaMFyvKJAlTswICM6hIBk",
        "token_secret": "",
        "expires_at": "2020-10-14T13:21:46.090Z"
    }
},
{
    "model": "auth.group",
    "pk": 1,
    "fields": {
        "name": "AdministradorSGCAS",
        "permissions": [
            71,
            66,
            67,
            70,
            68,
            69,
            22,
            23,
            25,
            27,
            28,
            21,
            26,
            24
        ]
    }
},
{
    "model": "auth.group",
    "pk": 2,
    "fields": {
        "name": "Gerente",
        "permissions": [
            51,
            53,
            56,
            54,
            42,
            36,
            39,
            37,
            40,
            38,
            41,
            34,
            29,
            35,
            30,
            33,
            31,
            32,
            65,
            61,
            62,
            64,
            63
        ]
    }
},
{
    "model": "auth.group",
    "pk": 3,
    "fields": {
        "name": "Rol B\u00e1sico SGCAS",
        "permissions": [
            54,
            39,
            38,
            41,
            35,
            31,
            32,
            63
        ]
    }
},
{
    "model": "auth.group",
    "pk": 4,
    "fields": {
        "name": "Rol B\u00e1sico F1E1",
        "permissions": [
            55,
            39,
            38,
            41,
            81,
            82,
            87,
            50,
            46,
            74,
            75
        ]
    }
},
{
    "model": "auth.group",
    "pk": 5,
    "fields": {
        "name": "QA F1E1",
        "permissions": [
            84,
            48,
            43,
            44,
            45,
            47,
            50,
            46,
            49
        ]
    }
},
{
    "model": "auth.group",
    "pk": 6,
    "fields": {
        "name": "Desarrollador F1E1",
        "permissions": [
            52,
            86,
            84,
            79,
            80,
            83,
            90,
            92,
            93,
            91,
            81,
            85,
            89,
            82,
            88,
            87,
            77,
            72,
            73,
            76,
            78,
            74,
            75
        ]
    }
},
{
    "model": "auth.group",
    "pk": 7,
    "fields": {
        "name": "Rol B\u00e1sico F2E1",
        "permissions": [
            55,
            39,
            38,
            41,
            81,
            82,
            87,
            50,
            46,
            74,
            75
        ]
    }
},
{
    "model": "auth.group",
    "pk": 8,
    "fields": {
        "name": "QA F2E1",
        "permissions": [
            84,
            48,
            43,
            44,
            45,
            47,
            50,
            46,
            49
        ]
    }
},
{
    "model": "auth.group",
    "pk": 9,
    "fields": {
        "name": "Desarrollador F2E1",
        "permissions": [
            52,
            86,
            84,
            79,
            80,
            83,
            90,
            92,
            93,
            91,
            81,
            85,
            89,
            82,
            88,
            87,
            77,
            72,
            73,
            76,
            78,
            74,
            75
        ]
    }
},
{
    "model": "auth.group",
    "pk": 10,
    "fields": {
        "name": "Rol B\u00e1sico F3E1",
        "permissions": [
            55,
            39,
            38,
            41,
            81,
            82,
            87,
            50,
            46,
            74,
            75
        ]
    }
},
{
    "model": "auth.group",
    "pk": 11,
    "fields": {
        "name": "QA F3E1",
        "permissions": [
            84,
            48,
            43,
            44,
            45,
            47,
            50,
            46,
            49
        ]
    }
},
{
    "model": "auth.group",
    "pk": 12,
    "fields": {
        "name": "Desarrollador F3E1",
        "permissions": [
            52,
            86,
            84,
            79,
            80,
            83,
            90,
            92,
            93,
            91,
            81,
            85,
            89,
            82,
            88,
            87,
            77,
            72,
            73,
            76,
            78,
            74,
            75
        ]
    }
},
{
    "model": "auth.group",
    "pk": 13,
    "fields": {
        "name": "Rol B\u00e1sico F1E2",
        "permissions": [
            55,
            39,
            38,
            41,
            81,
            82,
            87,
            50,
            46,
            74,
            75
        ]
    }
},
{
    "model": "auth.group",
    "pk": 14,
    "fields": {
        "name": "QA F1E2",
        "permissions": [
            84,
            48,
            43,
            44,
            45,
            47,
            50,
            46,
            49
        ]
    }
},
{
    "model": "auth.group",
    "pk": 15,
    "fields": {
        "name": "Desarrollador F2E2",
        "permissions": [
            52,
            86,
            84,
            79,
            80,
            83,
            90,
            92,
            93,
            91,
            81,
            85,
            89,
            82,
            88,
            87,
            77,
            72,
            73,
            76,
            78,
            74,
            75
        ]
    }
},
{
    "model": "auth.group",
    "pk": 16,
    "fields": {
        "name": "Desarrollador F1E2",
        "permissions": [
            52,
            86,
            84,
            79,
            80,
            83,
            90,
            92,
            93,
            91,
            81,
            85,
            89,
            82,
            88,
            87,
            77,
            72,
            73,
            76,
            78,
            74,
            75
        ]
    }
},
{
    "model": "auth.group",
    "pk": 17,
    "fields": {
        "name": "Rol B\u00e1sico F2E2",
        "permissions": [
            55,
            39,
            38,
            41,
            81,
            82,
            87,
            50,
            46,
            74,
            75
        ]
    }
},
{
    "model": "auth.group",
    "pk": 18,
    "fields": {
        "name": "QA F2E2",
        "permissions": [
            84,
            48,
            43,
            44,
            45,
            47,
            50,
            46,
            49
        ]
    }
},
{
    "model": "auth.group",
    "pk": 19,
    "fields": {
        "name": "Rol B\u00e1sico F3E2",
        "permissions": [
            55,
            39,
            38,
            41,
            81,
            82,
            87,
            50,
            46,
            74,
            75
        ]
    }
},
{
    "model": "auth.group",
    "pk": 20,
    "fields": {
        "name": "QA F3E2",
        "permissions": [
            84,
            48,
            43,
            44,
            45,
            47,
            50,
            46,
            49
        ]
    }
},
{
    "model": "auth.group",
    "pk": 21,
    "fields": {
        "name": "Desarrollador F3E2",
        "permissions": [
            52,
            86,
            84,
            79,
            80,
            83,
            90,
            92,
            93,
            91,
            81,
            85,
            89,
            82,
            88,
            87,
            77,
            72,
            73,
            76,
            78,
            74,
            75
        ]
    }
},
{
    "model": "auth.group",
    "pk": 22,
    "fields": {
        "name": "Rol B\u00e1sico F1E3",
        "permissions": [
            55,
            39,
            38,
            41,
            81,
            82,
            87,
            50,
            46,
            74,
            75
        ]
    }
},
{
    "model": "auth.group",
    "pk": 23,
    "fields": {
        "name": "QA F1E3",
        "permissions": [
            84,
            48,
            43,
            44,
            45,
            47,
            50,
            46,
            49
        ]
    }
},
{
    "model": "auth.group",
    "pk": 24,
    "fields": {
        "name": "Desarrollador F1E3",
        "permissions": [
            52,
            86,
            84,
            79,
            80,
            83,
            90,
            92,
            93,
            91,
            81,
            85,
            89,
            82,
            88,
            87,
            77,
            72,
            73,
            76,
            78,
            74,
            75
        ]
    }
},
{
    "model": "auth.group",
    "pk": 25,
    "fields": {
        "name": "Rol B\u00e1sico F2E3",
        "permissions": [
            55,
            39,
            38,
            41,
            81,
            82,
            87,
            50,
            46,
            74,
            75
        ]
    }
},
{
    "model": "auth.group",
    "pk": 26,
    "fields": {
        "name": "QA F2E3",
        "permissions": [
            84,
            48,
            43,
            44,
            45,
            47,
            50,
            46,
            49
        ]
    }
},
{
    "model": "auth.group",
    "pk": 27,
    "fields": {
        "name": "Desarrollador F2E3",
        "permissions": [
            52,
            86,
            84,
            79,
            80,
            83,
            90,
            92,
            93,
            91,
            81,
            85,
            89,
            82,
            88,
            87,
            77,
            72,
            73,
            76,
            78,
            74,
            75
        ]
    }
},
{
    "model": "auth.group",
    "pk": 28,
    "fields": {
        "name": "Rol B\u00e1sico F3E3",
        "permissions": [
            55,
            39,
            38,
            41,
            81,
            82,
            87,
            50,
            46,
            74,
            75
        ]
    }
},
{
    "model": "auth.group",
    "pk": 29,
    "fields": {
        "name": "QA F3E3",
        "permissions": [
            84,
            48,
            43,
            44,
            45,
            47,
            50,
            46,
            49
        ]
    }
},
{
    "model": "auth.group",
    "pk": 30,
    "fields": {
        "name": "Desarrollador F3E3",
        "permissions": [
            52,
            86,
            84,
            79,
            80,
            83,
            90,
            92,
            93,
            91,
            81,
            85,
            89,
            82,
            88,
            87,
            77,
            72,
            73,
            76,
            78,
            74,
            75
        ]
    }
},
{
    "model": "auth.group",
    "pk": 31,
    "fields": {
        "name": "Rol B\u00e1sico F1E4",
        "permissions": [
            55,
            39,
            38,
            41,
            81,
            82,
            87,
            50,
            46,
            74,
            75
        ]
    }
},
{
    "model": "auth.group",
    "pk": 32,
    "fields": {
        "name": "QA F1E4",
        "permissions": [
            84,
            48,
            43,
            44,
            45,
            47,
            50,
            46,
            49
        ]
    }
},
{
    "model": "auth.group",
    "pk": 33,
    "fields": {
        "name": "Desarrollador F1E4",
        "permissions": [
            52,
            86,
            84,
            79,
            80,
            83,
            90,
            92,
            93,
            91,
            81,
            85,
            89,
            82,
            88,
            87,
            77,
            72,
            73,
            76,
            78,
            74,
            75
        ]
    }
},
{
    "model": "auth.group",
    "pk": 34,
    "fields": {
        "name": "Rol B\u00e1sico F2E4",
        "permissions": [
            55,
            39,
            38,
            41,
            81,
            82,
            87,
            50,
            46,
            74,
            75
        ]
    }
},
{
    "model": "auth.group",
    "pk": 35,
    "fields": {
        "name": "QA F2E4",
        "permissions": [
            84,
            48,
            43,
            44,
            45,
            47,
            50,
            46,
            49
        ]
    }
},
{
    "model": "auth.group",
    "pk": 36,
    "fields": {
        "name": "Desarrollador F2E4",
        "permissions": [
            52,
            86,
            84,
            79,
            80,
            83,
            90,
            92,
            93,
            91,
            81,
            85,
            89,
            82,
            88,
            87,
            77,
            72,
            73,
            76,
            78,
            74,
            75
        ]
    }
},
{
    "model": "auth.group",
    "pk": 37,
    "fields": {
        "name": "Rol B\u00e1sico F3E4",
        "permissions": [
            55,
            39,
            38,
            41,
            81,
            82,
            87,
            50,
            46,
            74,
            75
        ]
    }
},
{
    "model": "auth.group",
    "pk": 38,
    "fields": {
        "name": "QA F3E4",
        "permissions": [
            84,
            48,
            43,
            44,
            45,
            47,
            50,
            46,
            49
        ]
    }
},
{
    "model": "auth.group",
    "pk": 39,
    "fields": {
        "name": "Desarrollador F3E4",
        "permissions": [
            52,
            86,
            84,
            79,
            80,
            83,
            90,
            92,
            93,
            91,
            81,
            85,
            89,
            82,
            88,
            87,
            77,
            72,
            73,
            76,
            78,
            74,
            75
        ]
    }
},
{
    "model": "auth.group",
    "pk": 40,
    "fields": {
        "name": "1",
        "permissions": [
            72
        ]
    }
},
{
    "model": "auth.group",
    "pk": 41,
    "fields": {
        "name": "wdw",
        "permissions": [
            74
        ]
    }
},
{
    "model": "auth.group",
    "pk": 42,
    "fields": {
        "name": "2",
        "permissions": [
            47,
            72
        ]
    }
},
{
    "model": "auth.group",
    "pk": 43,
    "fields": {
        "name": "3",
        "permissions": [
            74
        ]
    }
},
{
    "model": "usuario.user",
    "pk": 1,
    "fields": {
        "password": "!pVHOu9emm0CC4q0Kbbd7a8Pv45pfoJsL5hTqZYlH",
        "last_login": null,
        "is_superuser": false,
        "username": "AnonymousUser",
        "first_name": "",
        "last_name": "",
        "email": "",
        "is_staff": false,
        "date_joined": "2020-10-13T15:12:04.133Z",
        "is_active": false,
        "groups": [],
        "user_permissions": []
    }
},
{
    "model": "usuario.user",
    "pk": 2,
    "fields": {
        "password": "pbkdf2_sha256$180000$GRGBXlpK7Ywc$yWeeQqS+Yx0sUXqqPBlrveDTB6UUryTdCEL80IQn1GE=",
        "last_login": "2020-10-13T18:02:19.501Z",
        "is_superuser": true,
        "username": "AdminDjango",
        "first_name": "",
        "last_name": "",
        "email": "",
        "is_staff": true,
        "date_joined": "2020-10-13T15:12:04.270Z",
        "is_active": true,
        "groups": [],
        "user_permissions": []
    }
},
{
    "model": "usuario.user",
    "pk": 3,
    "fields": {
        "password": "!PjSToxiWCpehhw3Bn0MovJ2aJEUoSv3Qj6ad8x4I",
        "last_login": "2020-10-14T12:21:32.053Z",
        "is_superuser": false,
        "username": "victor_rodolfo",
        "first_name": "Victor Rodolfo",
        "last_name": "Gonzalez Galeano",
        "email": "geekpy@fpuna.edu.py",
        "is_staff": false,
        "date_joined": "2020-10-13T15:15:16.979Z",
        "is_active": true,
        "groups": [
            2
        ],
        "user_permissions": []
    }
},
{
    "model": "usuario.user",
    "pk": 4,
    "fields": {
        "password": "!4njKcVili0VpPd4PfxlwZwWJoX1i3KMNskACQcIu",
        "last_login": "2020-10-13T16:49:04.158Z",
        "is_superuser": false,
        "username": "adminsgcas07",
        "first_name": "AdminSGCAS07",
        "last_name": "",
        "email": "is2.equipo7.sgcas@gmail.com",
        "is_staff": false,
        "date_joined": "2020-10-13T15:15:22.881Z",
        "is_active": true,
        "groups": [
            1
        ],
        "user_permissions": []
    }
},
{
    "model": "usuario.user",
    "pk": 5,
    "fields": {
        "password": "!NypHYvlDj3GuCQeHyGsmRc27D5szI5WXOqpj6kOF",
        "last_login": null,
        "is_superuser": false,
        "username": "geekpy123",
        "first_name": "geekpy123",
        "last_name": "",
        "email": "frikipy94@gmail.com",
        "is_staff": false,
        "date_joined": "2020-10-13T15:15:28.521Z",
        "is_active": true,
        "groups": [
            3,
            4,
            7,
            10,
            13,
            17,
            19,
            22,
            25,
            28,
            29,
            31,
            34,
            37
        ],
        "user_permissions": []
    }
},
{
    "model": "usuario.user",
    "pk": 6,
    "fields": {
        "password": "!Yuf7fBRwWWlQ1OOXLG3NPILmv8PW4xmFLfsIABkB",
        "last_login": null,
        "is_superuser": false,
        "username": "victor",
        "first_name": "Victor",
        "last_name": "Gonzalez",
        "email": "chesspy123@gmail.com",
        "is_staff": false,
        "date_joined": "2020-10-13T15:15:34.074Z",
        "is_active": true,
        "groups": [
            3,
            4,
            6,
            7,
            10,
            13,
            17,
            19,
            22,
            25,
            28,
            29,
            31,
            34,
            37
        ],
        "user_permissions": []
    }
},
{
    "model": "usuario.user",
    "pk": 7,
    "fields": {
        "password": "!cvdLVWLttwiMtuuLNy31lKt3jr2DNpWWrZQc2Kyc",
        "last_login": "2020-10-14T03:50:47.492Z",
        "is_superuser": false,
        "username": "usuario_prueba",
        "first_name": "Usuario Prueba",
        "last_name": "sgcas",
        "email": "usuario.prueba.is2.2020@gmail.com",
        "is_staff": false,
        "date_joined": "2020-10-13T15:15:41.729Z",
        "is_active": true,
        "groups": [
            3,
            4,
            5,
            7,
            8,
            10,
            11,
            13,
            14,
            17,
            18,
            19,
            20,
            22,
            23,
            25,
            26,
            28,
            29,
            31,
            32,
            34,
            35,
            37,
            38
        ],
        "user_permissions": []
    }
},
{
    "model": "usuario.user",
    "pk": 8,
    "fields": {
        "password": "!Dn2uwAerdnXv2mzIy1OFCvfOYPU7XRoTFvE3HWwC",
        "last_login": "2020-10-14T12:21:47.301Z",
        "is_superuser": false,
        "username": "usuario2_prueba2",
        "first_name": "usuario2_prueba2",
        "last_name": "Usuario2 Prueba2",
        "email": "usuario2.prueba2.is2.2020@gmail.com",
        "is_staff": false,
        "date_joined": "2020-10-13T15:32:42.165Z",
        "is_active": true,
        "groups": [
            3,
            4,
            6,
            7,
            9,
            10,
            12,
            13,
            15,
            16,
            17,
            19,
            21,
            22,
            24,
            25,
            27,
            28,
            29,
            30,
            31,
            33,
            34,
            36,
            37,
            39,
            40,
            41,
            43
        ],
        "user_permissions": []
    }
},
{
    "model": "proyecto.proyecto",
    "pk": 1,
    "fields": {
        "gerente": 3,
        "nombre": "Escenario I",
        "descripcion": "Proyecto escenario I :  Proyecto creado sin iniciar\r\n | 1.Crear el proyecto :nombre, descripcion, agregar miembros.\r\n | 2.Crear comite :nombre del comite, descripcion, miembros.\r\n | 3.Crear al menos 3 fases :nombre de la fase, descripci\u00f3n y miembros\r\n | 4.Crear roles por fases y asignar a los miembros de las fases.",
        "fecha_creacion": "2020-10-13",
        "ultima_modificacion": "2020-10-13T19:08:03.429Z",
        "fecha_iniciado": null,
        "fecha_cancelado": null,
        "fecha_finalizado": null,
        "estado": "Pendiente",
        "slug": "escenario_i",
        "complejidad": "0.00",
        "miembros": [
            5,
            6,
            7,
            8
        ]
    }
},
{
    "model": "proyecto.proyecto",
    "pk": 2,
    "fields": {
        "gerente": 3,
        "nombre": "Escenario II",
        "descripcion": "Proyecto iniciado pero sin items |\r\n| 1.Crear el proyecto :nombre, descripcion, agregar miembros.\r\n| 2.Crear comite :nombre del comite, descripcion, miembros.\r\n| 3.Crear al menos 3 fases :nombre de la fase, descripci\u00f3n y miembros\r\n| 4.Crear roles por fases y asignar a los miembros de las fases.",
        "fecha_creacion": "2020-10-13",
        "ultima_modificacion": "2020-10-13T20:36:37.042Z",
        "fecha_iniciado": "2020-10-13",
        "fecha_cancelado": null,
        "fecha_finalizado": null,
        "estado": "Iniciado",
        "slug": "escenario_ii",
        "complejidad": "0.00",
        "miembros": [
            5,
            6,
            7,
            8
        ]
    }
},
{
    "model": "proyecto.proyecto",
    "pk": 3,
    "fields": {
        "gerente": 3,
        "nombre": "Escenario III",
        "descripcion": "Proyecto avanzado con varios items, fases, linea bases, modificaciones, trazabilidad \r\n| 1.Crear el proyecto :nombre, descripcion, agregar miembros.\r\n| 2.Crear comite :nombre del comite, descripcion, miembros.\r\n| 3.Crear al menos 3 fases :nombre de la fase, descripci\u00f3n y miembros\r\n| 4.Crear roles por fases y asignar a los miembros de las fases.\r\n| 5.Iniciar Proyecto\r\n| 6.Crear tipo de items \r\n| 7.Creando items \t\t\t\r\n| 8.Relacionando items\r\n| 9.Creando lineas bases -> aprobar algunos items \r\n| 10.Historial de modificacion de un item -> Modificar algunos items y generar historial de versiones\r\n| 11.Trazabilidad",
        "fecha_creacion": "2020-10-13",
        "ultima_modificacion": "2020-10-14T12:49:03.293Z",
        "fecha_iniciado": "2020-10-13",
        "fecha_cancelado": null,
        "fecha_finalizado": null,
        "estado": "Iniciado",
        "slug": "escenario_iii",
        "complejidad": "18.00",
        "miembros": [
            5,
            6,
            7,
            8
        ]
    }
},
{
    "model": "proyecto.proyecto",
    "pk": 4,
    "fields": {
        "gerente": 3,
        "nombre": "Escenario IV",
        "descripcion": "Proyecto avanzado listo para cerrar el proyecto y posteriormente recorrer el proyecto en modo visualizaci\u00f3n  \r\n| 1.Crear el proyecto :nombre, descripcion, agregar miembros.\r\n| 2.Crear comite :nombre del comite, descripcion, miembros.\r\n| 3.Crear al menos 3 fases :nombre de la fase, descripci\u00f3n y miembros\r\n| 4.Crear roles por fases y asignar a los miembros de las fases.\r\n| 5.Iniciar Proyecto\r\n| 6.Creando Tipos de items \r\n| 7.Creando items \r\n| 8.Relacionando items\r\n| 9.Creando lineas bases\r\n| 10.Historial de modificacion de un item\r\n| 11.Fases aprobadas \r\n| 12.Listo para finalizar el proyecto",
        "fecha_creacion": "2020-10-13",
        "ultima_modificacion": "2020-10-14T12:55:02.769Z",
        "fecha_iniciado": "2020-10-13",
        "fecha_cancelado": null,
        "fecha_finalizado": null,
        "estado": "Iniciado",
        "slug": "escenario_iv",
        "complejidad": "26.00",
        "miembros": [
            5,
            6,
            7,
            8
        ]
    }
},
{
    "model": "fase.fase",
    "pk": 2,
    "fields": {
        "nombre": "Fase I del Escenario I",
        "descripcion": "Esta es la fase I de nuestro escenario I",
        "fecha_creacion": "2020-10-13",
        "estado": "Abierta",
        "proyecto": 1,
        "miembros": [
            8,
            5,
            6,
            7
        ]
    }
},
{
    "model": "fase.fase",
    "pk": 3,
    "fields": {
        "nombre": "Fase II del Escenario I",
        "descripcion": "Esta es la fase II de nuestro escenario I",
        "fecha_creacion": "2020-10-13",
        "estado": "Abierta",
        "proyecto": 1,
        "miembros": [
            8,
            5,
            6,
            7
        ]
    }
},
{
    "model": "fase.fase",
    "pk": 4,
    "fields": {
        "nombre": "Fase III del Escenario I",
        "descripcion": "Esta es la fase III de nuestro escenario I",
        "fecha_creacion": "2020-10-13",
        "estado": "Abierta",
        "proyecto": 1,
        "miembros": [
            8,
            5,
            6,
            7
        ]
    }
},
{
    "model": "fase.fase",
    "pk": 5,
    "fields": {
        "nombre": "Fase I del Escenario II",
        "descripcion": "Esta es la fase I de nuestro escenario II",
        "fecha_creacion": "2020-10-13",
        "estado": "Abierta",
        "proyecto": 2,
        "miembros": [
            8,
            5,
            6,
            7
        ]
    }
},
{
    "model": "fase.fase",
    "pk": 6,
    "fields": {
        "nombre": "Fase II del Escenario II",
        "descripcion": "Esta es la fase II de nuestro escenario II",
        "fecha_creacion": "2020-10-13",
        "estado": "Abierta",
        "proyecto": 2,
        "miembros": [
            8,
            5,
            6,
            7
        ]
    }
},
{
    "model": "fase.fase",
    "pk": 7,
    "fields": {
        "nombre": "Fase III del Escenario II",
        "descripcion": "Esta es la fase III de nuestro escenario II",
        "fecha_creacion": "2020-10-13",
        "estado": "Abierta",
        "proyecto": 2,
        "miembros": [
            8,
            5,
            6,
            7
        ]
    }
},
{
    "model": "fase.fase",
    "pk": 8,
    "fields": {
        "nombre": "Fase I del Escenario III",
        "descripcion": "Esta es la fase I de nuestro escenario III",
        "fecha_creacion": "2020-10-13",
        "estado": "Abierta",
        "proyecto": 3,
        "miembros": [
            8,
            5,
            6,
            7
        ]
    }
},
{
    "model": "fase.fase",
    "pk": 9,
    "fields": {
        "nombre": "Fase II del Escenario III",
        "descripcion": "Esta es la fase II de nuestro escenario III",
        "fecha_creacion": "2020-10-13",
        "estado": "Abierta",
        "proyecto": 3,
        "miembros": [
            8,
            5,
            6,
            7
        ]
    }
},
{
    "model": "fase.fase",
    "pk": 10,
    "fields": {
        "nombre": "Fase III del Escenario III",
        "descripcion": "Esta es la fase III de nuestro escenario III",
        "fecha_creacion": "2020-10-13",
        "estado": "Abierta",
        "proyecto": 3,
        "miembros": [
            8,
            5,
            6,
            7
        ]
    }
},
{
    "model": "fase.fase",
    "pk": 11,
    "fields": {
        "nombre": "Fase I del Escenario IV",
        "descripcion": "Esta es la fase I de nuestro escenario IV",
        "fecha_creacion": "2020-10-13",
        "estado": "Abierta",
        "proyecto": 4,
        "miembros": [
            8,
            5,
            6,
            7
        ]
    }
},
{
    "model": "fase.fase",
    "pk": 12,
    "fields": {
        "nombre": "Fase II del Escenario IV",
        "descripcion": "Esta es la fase II de nuestro escenario IV",
        "fecha_creacion": "2020-10-13",
        "estado": "Abierta",
        "proyecto": 4,
        "miembros": [
            8,
            5,
            6,
            7
        ]
    }
},
{
    "model": "fase.fase",
    "pk": 13,
    "fields": {
        "nombre": "Fase III del Escenario IV",
        "descripcion": "Esta es la fase III de nuestro escenario IV",
        "fecha_creacion": "2020-10-13",
        "estado": "Abierta",
        "proyecto": 4,
        "miembros": [
            8,
            5,
            6,
            7
        ]
    }
},
{
    "model": "comite.comite",
    "pk": 1,
    "fields": {
        "nombre": "Comit\u00e9 del escenario I",
        "descripcion": "En este comit\u00e9 se aprobaran las solicitudes de modificaci\u00f3n de un item que se encuentran en una linea base cerrada en particular de las fases del escenario I",
        "proyecto": 1,
        "miembros": [
            5,
            6,
            7
        ]
    }
},
{
    "model": "comite.comite",
    "pk": 2,
    "fields": {
        "nombre": "Comit\u00e9 del escenario II",
        "descripcion": "En este comit\u00e9 se aprobaran las solicitudes de modificaci\u00f3n de un item que se encuentran en una linea base cerrada en particular de las fases del escenario II",
        "proyecto": 2,
        "miembros": [
            5,
            6,
            7
        ]
    }
},
{
    "model": "comite.comite",
    "pk": 3,
    "fields": {
        "nombre": "Comit\u00e9 del escenario III",
        "descripcion": "En este comit\u00e9 se aprobaran las solicitudes de modificaci\u00f3n de un item que se encuentran en una linea base cerrada en particular de las fases del escenario III",
        "proyecto": 3,
        "miembros": [
            5,
            6,
            7
        ]
    }
},
{
    "model": "comite.comite",
    "pk": 4,
    "fields": {
        "nombre": "Comit\u00e9 del escenario IV",
        "descripcion": "En este comit\u00e9 se aprobaran las solicitudes de modificaci\u00f3n de un item que se encuentran en una linea base cerrada en particular de las fases del escenario IV",
        "proyecto": 4,
        "miembros": [
            5,
            6,
            7
        ]
    }
},
{
    "model": "rol.rol",
    "pk": 1,
    "fields": {
        "nombre": "AdministradorSGCAS",
        "group": 1,
        "fase": null,
        "usuarios": [
            4
        ]
    }
},
{
    "model": "rol.rol",
    "pk": 2,
    "fields": {
        "nombre": "Gerente",
        "group": 2,
        "fase": null,
        "usuarios": [
            3
        ]
    }
},
{
    "model": "rol.rol",
    "pk": 3,
    "fields": {
        "nombre": "Rol B\u00e1sico SGCAS",
        "group": 3,
        "fase": null,
        "usuarios": [
            8,
            5,
            6,
            7
        ]
    }
},
{
    "model": "rol.rol",
    "pk": 4,
    "fields": {
        "nombre": "Rol B\u00e1sico F1E1",
        "group": 4,
        "fase": 2,
        "usuarios": [
            8,
            5,
            6,
            7
        ]
    }
},
{
    "model": "rol.rol",
    "pk": 5,
    "fields": {
        "nombre": "QA F1E1",
        "group": 5,
        "fase": 2,
        "usuarios": [
            7
        ]
    }
},
{
    "model": "rol.rol",
    "pk": 6,
    "fields": {
        "nombre": "Desarrollador F1E1",
        "group": 6,
        "fase": 2,
        "usuarios": [
            8
        ]
    }
},
{
    "model": "rol.rol",
    "pk": 7,
    "fields": {
        "nombre": "Rol B\u00e1sico F2E1",
        "group": 7,
        "fase": 3,
        "usuarios": [
            8,
            5,
            6,
            7
        ]
    }
},
{
    "model": "rol.rol",
    "pk": 8,
    "fields": {
        "nombre": "QA F2E1",
        "group": 8,
        "fase": 3,
        "usuarios": [
            7
        ]
    }
},
{
    "model": "rol.rol",
    "pk": 9,
    "fields": {
        "nombre": "Desarrollador F2E1",
        "group": 9,
        "fase": 3,
        "usuarios": [
            8
        ]
    }
},
{
    "model": "rol.rol",
    "pk": 10,
    "fields": {
        "nombre": "Rol B\u00e1sico F3E1",
        "group": 10,
        "fase": 4,
        "usuarios": [
            8,
            5,
            6,
            7
        ]
    }
},
{
    "model": "rol.rol",
    "pk": 11,
    "fields": {
        "nombre": "QA F3E1",
        "group": 11,
        "fase": 4,
        "usuarios": [
            7
        ]
    }
},
{
    "model": "rol.rol",
    "pk": 12,
    "fields": {
        "nombre": "Desarrollador F3E1",
        "group": 12,
        "fase": 4,
        "usuarios": [
            8
        ]
    }
},
{
    "model": "rol.rol",
    "pk": 13,
    "fields": {
        "nombre": "Rol B\u00e1sico F1E2",
        "group": 13,
        "fase": 5,
        "usuarios": [
            8,
            5,
            6,
            7
        ]
    }
},
{
    "model": "rol.rol",
    "pk": 14,
    "fields": {
        "nombre": "QA F1E2",
        "group": 14,
        "fase": 5,
        "usuarios": [
            7
        ]
    }
},
{
    "model": "rol.rol",
    "pk": 15,
    "fields": {
        "nombre": "Desarrollador F2E2",
        "group": 15,
        "fase": 6,
        "usuarios": [
            8
        ]
    }
},
{
    "model": "rol.rol",
    "pk": 16,
    "fields": {
        "nombre": "Desarrollador F1E2",
        "group": 16,
        "fase": 5,
        "usuarios": [
            8
        ]
    }
},
{
    "model": "rol.rol",
    "pk": 17,
    "fields": {
        "nombre": "Rol B\u00e1sico F2E2",
        "group": 17,
        "fase": 6,
        "usuarios": [
            8,
            5,
            6,
            7
        ]
    }
},
{
    "model": "rol.rol",
    "pk": 18,
    "fields": {
        "nombre": "QA F2E2",
        "group": 18,
        "fase": 6,
        "usuarios": [
            7
        ]
    }
},
{
    "model": "rol.rol",
    "pk": 19,
    "fields": {
        "nombre": "Rol B\u00e1sico F3E2",
        "group": 19,
        "fase": 7,
        "usuarios": [
            8,
            5,
            6,
            7
        ]
    }
},
{
    "model": "rol.rol",
    "pk": 20,
    "fields": {
        "nombre": "QA F3E2",
        "group": 20,
        "fase": 7,
        "usuarios": [
            7
        ]
    }
},
{
    "model": "rol.rol",
    "pk": 21,
    "fields": {
        "nombre": "Desarrollador F3E2",
        "group": 21,
        "fase": 7,
        "usuarios": [
            8
        ]
    }
},
{
    "model": "rol.rol",
    "pk": 22,
    "fields": {
        "nombre": "Rol B\u00e1sico F1E3",
        "group": 22,
        "fase": 8,
        "usuarios": [
            8,
            5,
            6,
            7
        ]
    }
},
{
    "model": "rol.rol",
    "pk": 23,
    "fields": {
        "nombre": "QA F1E3",
        "group": 23,
        "fase": 8,
        "usuarios": [
            7
        ]
    }
},
{
    "model": "rol.rol",
    "pk": 24,
    "fields": {
        "nombre": "Desarrollador F1E3",
        "group": 24,
        "fase": 8,
        "usuarios": [
            8
        ]
    }
},
{
    "model": "rol.rol",
    "pk": 25,
    "fields": {
        "nombre": "Rol B\u00e1sico F2E3",
        "group": 25,
        "fase": 9,
        "usuarios": [
            8,
            5,
            6,
            7
        ]
    }
},
{
    "model": "rol.rol",
    "pk": 26,
    "fields": {
        "nombre": "QA F2E3",
        "group": 26,
        "fase": 9,
        "usuarios": [
            7
        ]
    }
},
{
    "model": "rol.rol",
    "pk": 27,
    "fields": {
        "nombre": "Desarrollador F2E3",
        "group": 27,
        "fase": 9,
        "usuarios": [
            8
        ]
    }
},
{
    "model": "rol.rol",
    "pk": 28,
    "fields": {
        "nombre": "Rol B\u00e1sico F3E3",
        "group": 28,
        "fase": 10,
        "usuarios": [
            8,
            5,
            6,
            7
        ]
    }
},
{
    "model": "rol.rol",
    "pk": 29,
    "fields": {
        "nombre": "QA F3E3",
        "group": 29,
        "fase": 10,
        "usuarios": [
            7
        ]
    }
},
{
    "model": "rol.rol",
    "pk": 30,
    "fields": {
        "nombre": "Desarrollador F3E3",
        "group": 30,
        "fase": 10,
        "usuarios": [
            8
        ]
    }
},
{
    "model": "rol.rol",
    "pk": 31,
    "fields": {
        "nombre": "Rol B\u00e1sico F1E4",
        "group": 31,
        "fase": 11,
        "usuarios": [
            8,
            5,
            6,
            7
        ]
    }
},
{
    "model": "rol.rol",
    "pk": 32,
    "fields": {
        "nombre": "QA F1E4",
        "group": 32,
        "fase": 11,
        "usuarios": [
            7
        ]
    }
},
{
    "model": "rol.rol",
    "pk": 33,
    "fields": {
        "nombre": "Desarrollador F1E4",
        "group": 33,
        "fase": 11,
        "usuarios": [
            8
        ]
    }
},
{
    "model": "rol.rol",
    "pk": 34,
    "fields": {
        "nombre": "Rol B\u00e1sico F2E4",
        "group": 34,
        "fase": 12,
        "usuarios": [
            8,
            5,
            6,
            7
        ]
    }
},
{
    "model": "rol.rol",
    "pk": 35,
    "fields": {
        "nombre": "QA F2E4",
        "group": 35,
        "fase": 12,
        "usuarios": [
            7
        ]
    }
},
{
    "model": "rol.rol",
    "pk": 36,
    "fields": {
        "nombre": "Desarrollador F2E4",
        "group": 36,
        "fase": 12,
        "usuarios": [
            8
        ]
    }
},
{
    "model": "rol.rol",
    "pk": 37,
    "fields": {
        "nombre": "Rol B\u00e1sico F3E4",
        "group": 37,
        "fase": 13,
        "usuarios": [
            8,
            5,
            6,
            7
        ]
    }
},
{
    "model": "rol.rol",
    "pk": 38,
    "fields": {
        "nombre": "QA F3E4",
        "group": 38,
        "fase": 13,
        "usuarios": [
            7
        ]
    }
},
{
    "model": "rol.rol",
    "pk": 39,
    "fields": {
        "nombre": "Desarrollador F3E4",
        "group": 39,
        "fase": 13,
        "usuarios": [
            8
        ]
    }
},
{
    "model": "item.item",
    "pk": 1,
    "fields": {
        "nombre": "Item I F1E3",
        "descripcion": "Este es un item I del Proyecto F1E3",
        "fecha_creacion": "2020-10-14",
        "estado": "Desarrollo",
        "en_linea_base": false,
        "costo": 3,
        "archivo": "450_1000.jpg",
        "file_url_cloud": "https://firebasestorage.googleapis.com/v0/b/sgcas-is2-team7.appspot.com/o/2020-10-14%2F450_1000.jpg?alt=media&token=450_1000.jpg",
        "fase": 8,
        "tipo_item": 2,
        "impacto": "0.00",
        "boolean": false,
        "char": "",
        "date": "2020-10-12",
        "numerico": "0.00",
        "nro_version": "0.1",
        "versiones": null,
        "last_release": true,
        "ultima_modificacion": "2020-10-14T13:10:10.147Z",
        "usuarios_a_cargo": [
            8,
            5,
            6
        ],
        "padres": [],
        "hijos": [
            2
        ],
        "antecesores": [],
        "sucesores": []
    }
},
{
    "model": "item.item",
    "pk": 2,
    "fields": {
        "nombre": "Item II F1E3",
        "descripcion": "Este es un item II del Proyecto F1E3",
        "fecha_creacion": "2020-10-14",
        "estado": "Desarrollo",
        "en_linea_base": false,
        "costo": 6,
        "archivo": "Test_image_MVWUIv6.jpg",
        "file_url_cloud": "https://firebasestorage.googleapis.com/v0/b/sgcas-is2-team7.appspot.com/o/2020-10-14%2FTest_image_MVWUIv6.jpg?alt=media&token=Test_image_MVWUIv6.jpg",
        "fase": 8,
        "tipo_item": 2,
        "impacto": "0.00",
        "boolean": false,
        "char": "",
        "date": "2020-10-20",
        "numerico": "0.00",
        "nro_version": "0.1",
        "versiones": null,
        "last_release": true,
        "ultima_modificacion": "2020-10-14T13:10:46.564Z",
        "usuarios_a_cargo": [
            8,
            6,
            7
        ],
        "padres": [
            1
        ],
        "hijos": [],
        "antecesores": [],
        "sucesores": [
            4
        ]
    }
},
{
    "model": "item.item",
    "pk": 3,
    "fields": {
        "nombre": "Item I F2E3",
        "descripcion": "Este es un item I del Proyecto F2E3",
        "fecha_creacion": "2020-10-14",
        "estado": "Desarrollo",
        "en_linea_base": false,
        "costo": 1,
        "archivo": "Test_image_Ms9K20O.jpg",
        "file_url_cloud": "https://firebasestorage.googleapis.com/v0/b/sgcas-is2-team7.appspot.com/o/2020-10-14%2FTest_image_Ms9K20O.jpg?alt=media&token=Test_image_Ms9K20O.jpg",
        "fase": 9,
        "tipo_item": 4,
        "impacto": "0.00",
        "boolean": true,
        "char": "",
        "date": null,
        "numerico": "0.00",
        "nro_version": "0.1",
        "versiones": null,
        "last_release": true,
        "ultima_modificacion": "2020-10-14T13:11:50.808Z",
        "usuarios_a_cargo": [
            8,
            6
        ],
        "padres": [
            4
        ],
        "hijos": [],
        "antecesores": [],
        "sucesores": [
            5
        ]
    }
},
{
    "model": "item.item",
    "pk": 4,
    "fields": {
        "nombre": "Item II F2E3",
        "descripcion": "Este es un tipo de item II de prueba F2E3",
        "fecha_creacion": "2020-10-14",
        "estado": "Desarrollo",
        "en_linea_base": false,
        "costo": 4,
        "archivo": "Test_image_4rKHmQv.jpg",
        "file_url_cloud": "https://firebasestorage.googleapis.com/v0/b/sgcas-is2-team7.appspot.com/o/2020-10-14%2FTest_image_4rKHmQv.jpg?alt=media&token=Test_image_4rKHmQv.jpg",
        "fase": 9,
        "tipo_item": 3,
        "impacto": "0.00",
        "boolean": true,
        "char": "",
        "date": null,
        "numerico": "3.13",
        "nro_version": "0.1",
        "versiones": null,
        "last_release": true,
        "ultima_modificacion": "2020-10-14T13:11:04.295Z",
        "usuarios_a_cargo": [
            8,
            5
        ],
        "padres": [],
        "hijos": [
            3
        ],
        "antecesores": [
            2
        ],
        "sucesores": []
    }
},
{
    "model": "item.item",
    "pk": 5,
    "fields": {
        "nombre": "Item I F3E3",
        "descripcion": "Este es un item II del Proyecto F3E3",
        "fecha_creacion": "2020-10-14",
        "estado": "Desarrollo",
        "en_linea_base": false,
        "costo": 2,
        "archivo": "450_1000_0R3A9wL.jpg",
        "file_url_cloud": "https://firebasestorage.googleapis.com/v0/b/sgcas-is2-team7.appspot.com/o/2020-10-14%2F450_1000_0R3A9wL.jpg?alt=media&token=450_1000_0R3A9wL.jpg",
        "fase": 10,
        "tipo_item": 5,
        "impacto": "0.00",
        "boolean": true,
        "char": "R",
        "date": "2020-10-05",
        "numerico": "3.56",
        "nro_version": "0.1",
        "versiones": null,
        "last_release": true,
        "ultima_modificacion": "2020-10-14T13:12:06.803Z",
        "usuarios_a_cargo": [
            5,
            6
        ],
        "padres": [],
        "hijos": [
            6
        ],
        "antecesores": [
            3
        ],
        "sucesores": []
    }
},
{
    "model": "item.item",
    "pk": 6,
    "fields": {
        "nombre": "Item II F3E3",
        "descripcion": "Este es un item II del Proyecto F3E3",
        "fecha_creacion": "2020-10-14",
        "estado": "Desarrollo",
        "en_linea_base": false,
        "costo": 2,
        "archivo": "450_1000_4BtbVrG.jpg",
        "file_url_cloud": "https://firebasestorage.googleapis.com/v0/b/sgcas-is2-team7.appspot.com/o/2020-10-14%2F450_1000_4BtbVrG.jpg?alt=media&token=450_1000_4BtbVrG.jpg",
        "fase": 10,
        "tipo_item": 5,
        "impacto": "0.00",
        "boolean": true,
        "char": "",
        "date": "2020-11-04",
        "numerico": "3.66",
        "nro_version": "0.1",
        "versiones": null,
        "last_release": true,
        "ultima_modificacion": "2020-10-14T12:49:11.473Z",
        "usuarios_a_cargo": [
            8,
            5
        ],
        "padres": [
            5
        ],
        "hijos": [],
        "antecesores": [],
        "sucesores": []
    }
},
{
    "model": "item.item",
    "pk": 7,
    "fields": {
        "nombre": "Item I F1E4",
        "descripcion": "Este es un item I del Proyecto F1E4",
        "fecha_creacion": "2020-10-14",
        "estado": "Desarrollo",
        "en_linea_base": false,
        "costo": 5,
        "archivo": "450_1000_ZN1InK1.jpg",
        "file_url_cloud": "https://firebasestorage.googleapis.com/v0/b/sgcas-is2-team7.appspot.com/o/2020-10-14%2F450_1000_ZN1InK1.jpg?alt=media&token=450_1000_ZN1InK1.jpg",
        "fase": 11,
        "tipo_item": 11,
        "impacto": "0.00",
        "boolean": false,
        "char": "A",
        "date": null,
        "numerico": "0.00",
        "nro_version": "0.1",
        "versiones": null,
        "last_release": true,
        "ultima_modificacion": "2020-10-14T13:12:31.676Z",
        "usuarios_a_cargo": [
            8,
            5
        ],
        "padres": [],
        "hijos": [
            8
        ],
        "antecesores": [],
        "sucesores": []
    }
},
{
    "model": "item.item",
    "pk": 8,
    "fields": {
        "nombre": "Item II F1E4",
        "descripcion": "Este es un item II del Proyecto F1E4",
        "fecha_creacion": "2020-10-14",
        "estado": "Desarrollo",
        "en_linea_base": false,
        "costo": 6,
        "archivo": "Test_image_q4Cz75v.jpg",
        "file_url_cloud": "https://firebasestorage.googleapis.com/v0/b/sgcas-is2-team7.appspot.com/o/2020-10-14%2FTest_image_q4Cz75v.jpg?alt=media&token=Test_image_q4Cz75v.jpg",
        "fase": 11,
        "tipo_item": 9,
        "impacto": "0.00",
        "boolean": false,
        "char": "T",
        "date": null,
        "numerico": "0.00",
        "nro_version": "0.2",
        "versiones": null,
        "last_release": true,
        "ultima_modificacion": "2020-10-14T13:12:43.556Z",
        "usuarios_a_cargo": [
            5,
            6
        ],
        "padres": [
            7
        ],
        "hijos": [],
        "antecesores": [],
        "sucesores": [
            11
        ]
    }
},
{
    "model": "item.item",
    "pk": 10,
    "fields": {
        "nombre": "Item I F2E4",
        "descripcion": "Este es un item I del Proyecto F2E4",
        "fecha_creacion": "2020-10-14",
        "estado": "Desarrollo",
        "en_linea_base": false,
        "costo": 7,
        "archivo": "450_1000_53SYVfs.jpg",
        "file_url_cloud": "https://firebasestorage.googleapis.com/v0/b/sgcas-is2-team7.appspot.com/o/2020-10-14%2F450_1000_53SYVfs.jpg?alt=media&token=450_1000_53SYVfs.jpg",
        "fase": 12,
        "tipo_item": 12,
        "impacto": "0.00",
        "boolean": false,
        "char": "Y",
        "date": null,
        "numerico": "0.00",
        "nro_version": "0.1",
        "versiones": null,
        "last_release": true,
        "ultima_modificacion": "2020-10-14T13:13:10.957Z",
        "usuarios_a_cargo": [
            8,
            5
        ],
        "padres": [
            11
        ],
        "hijos": [],
        "antecesores": [],
        "sucesores": [
            13
        ]
    }
},
{
    "model": "item.item",
    "pk": 11,
    "fields": {
        "nombre": "Item II F2E4",
        "descripcion": "Este es un item II del Proyecto F2E4",
        "fecha_creacion": "2020-10-14",
        "estado": "Desarrollo",
        "en_linea_base": false,
        "costo": 3,
        "archivo": "450_1000_6gwTPuP.jpg",
        "file_url_cloud": "https://firebasestorage.googleapis.com/v0/b/sgcas-is2-team7.appspot.com/o/2020-10-14%2F450_1000_6gwTPuP.jpg?alt=media&token=450_1000_6gwTPuP.jpg",
        "fase": 12,
        "tipo_item": 10,
        "impacto": "0.00",
        "boolean": false,
        "char": "",
        "date": "2020-10-11",
        "numerico": "0.00",
        "nro_version": "0.2",
        "versiones": null,
        "last_release": true,
        "ultima_modificacion": "2020-10-14T13:13:03.088Z",
        "usuarios_a_cargo": [
            5,
            6
        ],
        "padres": [],
        "hijos": [
            10
        ],
        "antecesores": [
            8
        ],
        "sucesores": []
    }
},
{
    "model": "item.item",
    "pk": 13,
    "fields": {
        "nombre": "Item I F3E4",
        "descripcion": "Este es un item I del Proyecto F3E4",
        "fecha_creacion": "2020-10-14",
        "estado": "Desarrollo",
        "en_linea_base": false,
        "costo": 3,
        "archivo": "450_1000_m7p1qir.jpg",
        "file_url_cloud": "https://firebasestorage.googleapis.com/v0/b/sgcas-is2-team7.appspot.com/o/2020-10-14%2F450_1000_m7p1qir.jpg?alt=media&token=450_1000_m7p1qir.jpg",
        "fase": 13,
        "tipo_item": 10,
        "impacto": "0.00",
        "boolean": false,
        "char": "",
        "date": "2020-09-28",
        "numerico": "67.90",
        "nro_version": "0.1",
        "versiones": null,
        "last_release": true,
        "ultima_modificacion": "2020-10-14T13:13:22.641Z",
        "usuarios_a_cargo": [
            5,
            6
        ],
        "padres": [],
        "hijos": [
            14
        ],
        "antecesores": [
            10
        ],
        "sucesores": []
    }
},
{
    "model": "item.item",
    "pk": 14,
    "fields": {
        "nombre": "Item II F3E4",
        "descripcion": "Este es un item II del Proyecto F3E4",
        "fecha_creacion": "2020-10-14",
        "estado": "Desarrollo",
        "en_linea_base": false,
        "costo": 2,
        "archivo": "Test_image_jWnY3g9.jpg",
        "file_url_cloud": "https://firebasestorage.googleapis.com/v0/b/sgcas-is2-team7.appspot.com/o/2020-10-14%2FTest_image_jWnY3g9.jpg?alt=media&token=Test_image_jWnY3g9.jpg",
        "fase": 13,
        "tipo_item": 8,
        "impacto": "0.00",
        "boolean": true,
        "char": "",
        "date": null,
        "numerico": "0.00",
        "nro_version": "0.1",
        "versiones": null,
        "last_release": true,
        "ultima_modificacion": "2020-10-14T12:55:09.108Z",
        "usuarios_a_cargo": [
            6,
            7
        ],
        "padres": [
            13
        ],
        "hijos": [],
        "antecesores": [],
        "sucesores": []
    }
},
{
    "model": "account.emailaddress",
    "pk": 1,
    "fields": {
        "user": 3,
        "email": "geekpy@fpuna.edu.py",
        "verified": true,
        "primary": true
    }
},
{
    "model": "account.emailaddress",
    "pk": 2,
    "fields": {
        "user": 4,
        "email": "is2.equipo7.sgcas@gmail.com",
        "verified": true,
        "primary": true
    }
},
{
    "model": "account.emailaddress",
    "pk": 3,
    "fields": {
        "user": 5,
        "email": "frikipy94@gmail.com",
        "verified": true,
        "primary": true
    }
},
{
    "model": "account.emailaddress",
    "pk": 4,
    "fields": {
        "user": 6,
        "email": "chesspy123@gmail.com",
        "verified": true,
        "primary": true
    }
},
{
    "model": "account.emailaddress",
    "pk": 5,
    "fields": {
        "user": 7,
        "email": "usuario.prueba.is2.2020@gmail.com",
        "verified": true,
        "primary": true
    }
},
{
    "model": "account.emailaddress",
    "pk": 6,
    "fields": {
        "user": 8,
        "email": "usuario2.prueba2.is2.2020@gmail.com",
        "verified": true,
        "primary": true
    }
},
{
    "model": "socialaccount.socialaccount",
    "pk": 1,
    "fields": {
        "user": 3,
        "provider": "google",
        "uid": "103824764691276845893",
        "last_login": "2020-10-14T12:21:31.887Z",
        "date_joined": "2020-10-13T15:15:17.006Z",
        "extra_data": "{\"id\": \"103824764691276845893\", \"email\": \"geekpy@fpuna.edu.py\", \"verified_email\": true, \"name\": \"Victor Rodolfo Gonzalez Galeano\", \"given_name\": \"Victor Rodolfo\", \"family_name\": \"Gonzalez Galeano\", \"picture\": \"https://lh3.googleusercontent.com/a-/AOh14Ghhn_GjzxJrYMgNSJxNukzP9ojoa09rosK_sT2n0Q=s96-c\", \"locale\": \"es\", \"hd\": \"fpuna.edu.py\"}"
    }
},
{
    "model": "socialaccount.socialaccount",
    "pk": 2,
    "fields": {
        "user": 4,
        "provider": "google",
        "uid": "118256556279508509402",
        "last_login": "2020-10-13T16:49:04.117Z",
        "date_joined": "2020-10-13T15:15:22.900Z",
        "extra_data": "{\"id\": \"118256556279508509402\", \"email\": \"is2.equipo7.sgcas@gmail.com\", \"verified_email\": true, \"name\": \"AdminSGCAS07\", \"given_name\": \"AdminSGCAS07\", \"picture\": \"https://lh4.googleusercontent.com/-WQrUe1wI13M/AAAAAAAAAAI/AAAAAAAAAAA/AMZuucnbRDlJWZERxqQKTvdsBvgzlXbmdw/photo.jpg\", \"locale\": \"es-419\"}"
    }
},
{
    "model": "socialaccount.socialaccount",
    "pk": 3,
    "fields": {
        "user": 5,
        "provider": "google",
        "uid": "105238539156633014195",
        "last_login": "2020-10-13T15:15:28.535Z",
        "date_joined": "2020-10-13T15:15:28.535Z",
        "extra_data": "{\"id\": \"105238539156633014195\", \"email\": \"frikipy94@gmail.com\", \"verified_email\": true, \"name\": \"geekpy123\", \"given_name\": \"geekpy123\", \"picture\": \"https://lh3.googleusercontent.com/a-/AOh14GiXBKz-_14Z1X-CpoDP-yCCWYMcqM1NN3LL1AyRDw=s96-c\", \"locale\": \"es-419\"}"
    }
},
{
    "model": "socialaccount.socialaccount",
    "pk": 4,
    "fields": {
        "user": 6,
        "provider": "google",
        "uid": "111113584675318030426",
        "last_login": "2020-10-13T15:15:34.087Z",
        "date_joined": "2020-10-13T15:15:34.087Z",
        "extra_data": "{\"id\": \"111113584675318030426\", \"email\": \"chesspy123@gmail.com\", \"verified_email\": true, \"name\": \"Victor Gonzalez\", \"given_name\": \"Victor\", \"family_name\": \"Gonzalez\", \"picture\": \"https://lh6.googleusercontent.com/-VdYSo7z_VWM/AAAAAAAAAAI/AAAAAAAAAAA/AMZuucn-1o-Q3aH4XLBjagngL8yR3XZuBw/photo.jpg\", \"locale\": \"en\"}"
    }
},
{
    "model": "socialaccount.socialaccount",
    "pk": 5,
    "fields": {
        "user": 7,
        "provider": "google",
        "uid": "114249641593496019449",
        "last_login": "2020-10-14T03:50:47.457Z",
        "date_joined": "2020-10-13T15:15:41.749Z",
        "extra_data": "{\"id\": \"114249641593496019449\", \"email\": \"usuario.prueba.is2.2020@gmail.com\", \"verified_email\": true, \"name\": \"Usuario Prueba sgcas\", \"given_name\": \"Usuario Prueba\", \"family_name\": \"sgcas\", \"picture\": \"https://lh3.googleusercontent.com/-38bVFDYIpW8/AAAAAAAAAAI/AAAAAAAAAAA/AMZuucnlvdsA8QokHZK6ERJfU9Jg6JytUg/s96-c/photo.jpg\", \"locale\": \"en\"}"
    }
},
{
    "model": "socialaccount.socialaccount",
    "pk": 6,
    "fields": {
        "user": 8,
        "provider": "google",
        "uid": "111266230336854021861",
        "last_login": "2020-10-14T12:21:47.267Z",
        "date_joined": "2020-10-13T15:32:42.184Z",
        "extra_data": "{\"id\": \"111266230336854021861\", \"email\": \"usuario2.prueba2.is2.2020@gmail.com\", \"verified_email\": true, \"name\": \"usuario2_prueba2 Usuario2 Prueba2\", \"given_name\": \"usuario2_prueba2\", \"family_name\": \"Usuario2 Prueba2\", \"picture\": \"https://lh4.googleusercontent.com/-M0km-jSz32A/AAAAAAAAAAI/AAAAAAAAAAA/AMZuucm9-kHo7HCuIn6kUcP8wpwZg8OdGQ/s96-c/photo.jpg\", \"locale\": \"en\"}"
    }
},
{
    "model": "admin.logentry",
    "pk": 1,
    "fields": {
        "action_time": "2020-10-13T15:14:55.653Z",
        "user": 2,
        "content_type": 21,
        "object_id": "1",
        "object_repr": "Google OAuth",
        "action_flag": 1,
        "change_message": "[{\"added\": {}}]"
    }
},
{
    "model": "admin.logentry",
    "pk": 2,
    "fields": {
        "action_time": "2020-10-13T15:15:06.823Z",
        "user": 2,
        "content_type": 17,
        "object_id": "1",
        "object_repr": "localhost:8000",
        "action_flag": 2,
        "change_message": "[{\"changed\": {\"fields\": [\"Domain name\", \"Display name\"]}}]"
    }
}
]
